"faultid","subcatcode","refsubsystem","faultcode","faultnumber","faults","repairtimeh","repairtimem","remarks","nooftrademen","workdone","critical","scheduled","disable"
"0","NaN","NaN","NaN","NaN","NaN","NaN","NaN","NaN","NaN","NaN","0","0","0"
"1","909.0","1.0","1.0","A00001001","Cocking cable of NSVT bkn (AAMG_NSVT_ARMT) A00001001","2.0","30.0","NaN","1.0","NaN","0","1","0"
"2","909.0","1.0","2.0","A00001002","NSVT body bulged (AAMG_NSVT_ARMT) A00001002","0.0","30.0","NaN","1.0","NaN","0","1","0"
"3","909.0","1.0","3.0","A00001003","NSVT brl pitted  (AAMG_NSVT_ARMT) A00001003","0.0","30.0","NaN","1.0","NaN","0","1","0"
"4","909.0","1.0","4.0","A00001004","NSVT Stab Sys N/W  (AAMG_NSVT_ARMT) A00001004","0.0","30.0","NaN","1.0","NaN","0","1","0"
"5","909.0","1.0","5.0","A00001005","NSVT cocking handle stud bkn (AAMG_NSVT_ARMT) A00001005","0.0","30.0","NaN","1.0","NaN","0","1","0"
"6","909.0","1.0","6.0","A00001006","NSVT Sys N/W (AAMG_NSVT_ARMT) A00001006","0.0","30.0","NaN","1.0","NaN","0","1","0"
"7","909.0","1.0","7.0","A00001007","NSVT electrical cct N/W (AAMG_NSVT_ARMT) A00001007","0.0","30.0","NaN","1.0","NaN","0","1","0"
"8","909.0","2.0","1.0","A00002001","Air bottle leaking (AIR CHARGING) A00002001","0.0","30.0","NaN","1.0","NaN","0","1","0"
"9","909.0","2.0","2.0","A00002002","Air comp 2nd stage pipe bkn (AIR CHARGING) A00002002","0.0","30.0","NaN","1.0","NaN","0","1","0"
"10","909.0","2.0","3.0","A00002003","Air Comp belt bkn (AIR CHARGING) A00002003","0.0","30.0","NaN","1.0","NaN","0","1","0"
"11","909.0","2.0","4.0","A00002004","Air Comp N/W (AIR CHARGING) A00002004","0.0","30.0","NaN","1.0","NaN","0","1","0"
"12","909.0","2.0","5.0","A00002005","Air comp assy bkn (AIR CHARGING) A00002005","0.0","30.0","NaN","1.0","NaN","1","1","0"
"13","909.0","2.0","6.0","A00002006","Air comp Drive shaft brg bkn (AIR CHARGING) A00002006","0.0","30.0","NaN","1.0","NaN","0","1","0"
"14","909.0","2.0","7.0","A00002007","Air comp out put low (AIR CHARGING) A00002007","0.0","30.0","NaN","1.0","NaN","0","1","0"
"15","909.0","2.0","8.0","A00002008","Air cyl leaking (AIR CHARGING) A00002008","0.0","30.0","NaN","1.0","NaN","0","1","0"
"16","909.0","2.0","9.0","A00002009","Air cyl valve defective (AIR CHARGING) A00002009","0.0","30.0","NaN","1.0","NaN","0","1","0"
"17","909.0","2.0","10.0","A00002010","Air distributor timing disturbed (AIR CHARGING) A00002010","0.0","30.0","NaN","1.0","NaN","0","1","0"
"18","909.0","2.0","11.0","A00002011","Air not filling in air bottle  (AIR CHARGING) A00002011","0.0","30.0","NaN","1.0","NaN","0","1","0"
"19","909.0","2.0","12.0","A00002012","Air pr not building up (AIR CHARGING) A00002012","0.0","30.0","NaN","1.0","NaN","0","1","0"
"20","909.0","2.0","13.0","A00002013","Air pressure regulator work (AIR CHARGING) A00002013","0.0","30.0","NaN","1.0","NaN","0","1","0"
"21","909.0","2.0","14.0","A00002014","Air pressure pipe crack  (AIR CHARGING) A00002014","0.0","30.0","NaN","1.0","NaN","0","1","0"
"22","909.0","2.0","15.0","A00002015","Air sys leaking  (AIR CHARGING) A00002015","0.0","30.0","NaN","1.0","NaN","0","1","0"
"23","909.0","2.0","16.0","A00002016","APR N/W (AIR CHARGING) A00002016","0.0","30.0","NaN","1.0","NaN","0","1","0"
"24","909.0","2.0","17.0","A00002017","EPV faulty & air leaking (AIR CHARGING) A00002017","0.0","30.0","NaN","1.0","NaN","0","1","0"
"25","909.0","2.0","18.0","A00002018","Partial Brake N/W (AIR CHARGING) A00002018","0.0","30.0","NaN","1.0","NaN","0","1","0"
"26","909.0","2.0","19.0","A00002019","Reducer  leaking (AIR CHARGING) A00002019","0.0","30.0","NaN","1.0","NaN","0","1","0"
"27","909.0","2.0","20.0","A00002020","Reducer N/W (AIR CHARGING) A00002020","0.0","30.0","NaN","1.0","NaN","0","1","0"
"28","909.0","2.0","21.0","A00002021","Rt side air bottle leaking (AIR CHARGING) A00002021","0.0","30.0","NaN","1.0","NaN","0","1","0"
"29","909.0","2.0","22.0","A00002022","Sediment drain valve N/W (AIR CHARGING) A00002022","0.0","30.0","NaN","1.0","NaN","1","1","0"
"30","909.0","3.0","1.0","A00003001","Air cleaner dirty (AIR INTAKE SYS) A00003001","0.0","30.0","NaN","1.0","NaN","0","1","0"
"31","909.0","3.0","2.0","A00003002","Air distributor timing disturbed (AIR INTAKE SYS) A00003002","0.0","30.0","NaN","1.0","NaN","0","1","0"
"32","909.0","3.0","3.0","A00003003","Air Sys N/W (AIR INTAKE SYS) A00003003","0.0","30.0","NaN","1.0","NaN","0","1","0"
"33","909.0","3.0","4.0","A00003004","Anti Surge plate bend (AIR INTAKE SYS) A00003004","0.0","30.0","NaN","1.0","NaN","0","1","0"
"34","909.0","3.0","5.0","A00003005","Sediment drain cock N/W  (AIR INTAKE SYS) A00003005","0.0","30.0","NaN","1.0","NaN","0","1","0"
"35","909.0","3.0","6.0","A00003006","Air cleaner hose perished (AIR INTAKE SYS) A00003006","0.0","30.0","NaN","1.0","NaN","0","1","0"
"36","909.0","4.0","1.0","A00004001","After firing gun lock (ALG_ARMT) A00004001","0.0","30.0","NaN","1.0","NaN","0","1","0"
"37","909.0","4.0","2.0","A00004002","CLM not N/W (ALG_ARMT) A00004002","0.0","30.0","NaN","1.0","NaN","0","1","0"
"38","909.0","4.0","3.0","A00004003","Delivery window n/w (ALG_ARMT) A00004003","0.0","30.0","NaN","1.0","NaN","0","1","0"
"39","909.0","4.0","4.0","A00004004","Flap gate RH N/W (ALG_ARMT) A00004004","0.0","30.0","NaN","1.0","NaN","0","1","0"
"40","909.0","4.0","5.0","A00004005","Flap gate LH N/W (ALG_ARMT) A00004005","0.0","30.0","NaN","1.0","NaN","0","1","0"
"41","909.0","4.0","6.0","A00004006","Fitment of new rammer assy (ALG_ARMT) A00004006","0.0","30.0","NaN","1.0","NaN","0","1","0"
"42","909.0","4.0","7.0","A00004007","Gun not locking at 4.5 deg  (ALG_ARMT) A00004007","0.0","30.0","NaN","1.0","NaN","0","1","0"
"43","909.0","4.0","8.0","A00004008","Lt side rammer pad UNSV (ALG_ARMT) A00004008","0.0","30.0","NaN","1.0","NaN","0","1","0"
"44","909.0","4.0","9.0","A00004009","Rammer chain not functioning properly (ALG_ARMT) A00004009","0.0","30.0","NaN","1.0","NaN","0","1","0"
"45","909.0","4.0","10.0","A00004010","Rammer cyl leaking (ALG_ARMT) A00004010","0.0","30.0","NaN","1.0","NaN","0","1","0"
"46","909.0","4.0","11.0","A00004011","Rammer Assy N/W (ALG_ARMT) A00004011","0.0","30.0","NaN","1.0","NaN","0","1","0"
"47","909.0","4.0","12.0","A00004012","Rammer flap gate perished (ALG_ARMT) A00004012","0.0","30.0","NaN","1.0","NaN","0","1","0"
"48","909.0","4.0","13.0","A00004013","Rammer flap remains flat while loading (ALG_ARMT) A00004013","0.0","30.0","NaN","1.0","NaN","0","1","0"
"49","909.0","4.0","14.0","A00004014","Rammer gets jammed on loading tray while operating- (ALG_ARMT) A00004014","0.0","30.0","NaN","1.0","NaN","0","1","0"
"50","909.0","4.0","15.0","A00004015","Rammer move slow (ALG_ARMT) A00004015","0.0","30.0","NaN","1.0","NaN","0","1","0"
"51","909.0","4.0","16.0","A00004016","Rammer moves fwd but does return (ALG_ARMT) A00004016","0.0","30.0","NaN","1.0","NaN","0","1","0"
"52","909.0","4.0","17.0","A00004017","Rammer pad left and right pad UNSV- (ALG_ARMT) A00004017","0.0","30.0","NaN","1.0","NaN","0","1","0"
"53","909.0","4.0","18.0","A00004018","No control on fwd movement of rammer (ALG_ARMT) A00004018","0.0","30.0","NaN","1.0","NaN","0","1","0"
"54","909.0","5.0","1.0","A00005001","ALG & RC N/W (ALG_GCE) A00005001","0.0","30.0","NaN","1.0","NaN","0","1","0"
"55","909.0","5.0","2.0","A00005002","Auto Loader N/W (ALG_GCE) A00005002","0.0","30.0","NaN","1.0","NaN","0","1","0"
"56","909.0","5.0","3.0","A00005003","Auto loader and firing cct N/W  (ALG_GCE) A00005003","0.0","30.0","NaN","1.0","NaN","0","1","0"
"57","909.0","5.0","4.0","A00005004","Belt feed motor faulty (ALG_GCE) A00005004","0.0","30.0","NaN","1.0","NaN","0","1","0"
"58","909.0","5.0","5.0","A00005005","Cradle slip on RC (ALG_GCE) A00005005","0.0","30.0","NaN","1.0","NaN","0","1","0"
"59","909.0","5.0","6.0","A00005006","Cartridge base not getting held in trap (ALG_GCE) A00005006","0.0","30.0","NaN","1.0","NaN","0","1","0"
"60","909.0","5.0","7.0","A00005007","Cartridge case does not eject  (ALG_GCE) A00005007","0.0","30.0","NaN","1.0","NaN","0","1","0"
"61","909.0","5.0","8.0","A00005008","Cartridge base disposal mech N/W (ALG_GCE) A00005008","0.0","30.0","NaN","1.0","NaN","0","1","0"
"62","909.0","5.0","9.0","A00005009","Cassette damaged  (ALG_GCE) A00005009","0.0","30.0","NaN","1.0","NaN","0","1","0"
"63","909.0","5.0","10.0","A00005010","Cassette lifting mech electromagnet faulty (ALG_GCE) A00005010","0.0","30.0","NaN","1.0","NaN","0","1","0"
"64","909.0","5.0","11.0","A00005011","CBDM Electromagnet faulty  (ALG_GCE) A00005011","0.0","30.0","NaN","1.0","NaN","0","1","0"
"65","909.0","5.0","12.0","A00005012","CBDM faulty (ALG_GCE) A00005012","0.0","30.0","NaN","1.0","NaN","0","1","0"
"66","909.0","5.0","13.0","A00005013","CBDM N/W (ALG_GCE) A00005013","0.0","30.0","NaN","1.0","NaN","0","1","0"
"67","909.0","5.0","14.0","A00005014","Cell does not align with CLM lock (ALG_GCE) A00005014","0.0","30.0","NaN","1.0","NaN","0","1","0"
"68","909.0","5.0","15.0","A00005015","Cell lifting mech faulty (ALG_GCE) A00005015","0.0","30.0","NaN","1.0","NaN","0","1","0"
"69","909.0","5.0","16.0","A00005016","Cell position sending unit faulty (ALG_GCE) A00005016","0.0","30.0","NaN","1.0","NaN","0","1","0"
"70","909.0","5.0","17.0","A00005017","CLM N/W (ALG_GCE) A00005017","0.0","30.0","NaN","1.0","NaN","0","1","0"
"71","909.0","5.0","18.0","A00005018","Control unit BU-185-2S faulty (ALG_GCE) A00005018","0.0","30.0","NaN","1.0","NaN","0","1","0"
"72","909.0","5.0","19.0","A00005019","CPSU & Frame mech faulty (ALG_GCE) A00005019","0.0","30.0","NaN","1.0","NaN","0","1","0"
"73","909.0","5.0","20.0","A00005020","Dist Box KR-175 faulty  (ALG_GCE) A00005020","0.0","30.0","NaN","1.0","NaN","0","1","0"
"74","909.0","5.0","21.0","A00005021","Dist Box KR-185-3S faulty (ALG_GCE) A00005021","0.0","30.0","NaN","1.0","NaN","0","1","0"
"75","909.0","5.0","22.0","A00005022","Double feeding of rounds (ALG_GCE) A00005022","0.0","30.0","NaN","1.0","NaN","0","1","0"
"76","909.0","5.0","23.0","A00005023","During GM loading CLM N/W (ALG_GCE) A00005023","0.0","30.0","NaN","1.0","NaN","0","1","0"
"77","909.0","5.0","24.0","A00005024","Exhaust blower faulty  (ALG_GCE) A00005024","0.0","30.0","NaN","1.0","NaN","0","1","0"
"78","909.0","5.0","25.0","A00005025","Electro magnet EM-10 faulty (ALG_GCE) A00005025","0.0","30.0","NaN","1.0","NaN","0","1","0"
"79","909.0","5.0","26.0","A00005026","Feed gate Faulty (ALG_GCE) A00005026","0.0","30.0","NaN","1.0","NaN","0","1","0"
"80","909.0","5.0","27.0","A00005027","Feed tray/lever bkn (ALG_GCE) A00005027","0.0","30.0","NaN","1.0","NaN","0","1","0"
"81","909.0","5.0","28.0","A00005028","Feeding Chain linkage bkn (ALG_GCE) A00005028","0.0","30.0","NaN","1.0","NaN","0","1","0"
"82","909.0","5.0","29.0","A00005029","Frame electromagnet faulty (ALG_GCE) A00005029","0.0","30.0","NaN","1.0","NaN","0","1","0"
"83","909.0","5.0","30.0","A00005030","Frame Mech faulty (ALG_GCE) A00005030","0.0","30.0","NaN","1.0","NaN","0","1","0"
"84","909.0","5.0","31.0","A00005031","Frame reduction gear mech faulty (ALG_GCE) A00005031","0.0","30.0","NaN","1.0","NaN","0","1","0"
"85","909.0","5.0","32.0","A00005032","Frame reduction mech faulty (ALG_GCE) A00005032","0.0","30.0","NaN","1.0","NaN","0","1","0"
"86","909.0","5.0","33.0","A00005033","GSD faulty (ALG_GCE) A00005033","0.0","30.0","NaN","1.0","NaN","0","1","0"
"87","909.0","5.0","34.0","A00005034","Gun does not come to loading angle (ALG_GCE) A00005034","0.0","30.0","NaN","1.0","NaN","0","1","0"
"88","909.0","5.0","35.0","A00005035","Gun vibrates in GM Mode (ALG_GCE) A00005035","0.0","30.0","NaN","1.0","NaN","0","1","0"
"89","909.0","5.0","36.0","A00005036","LCU and memory unit N/W (ALG_GCE) A00005036","0.0","30.0","NaN","1.0","NaN","0","1","0"
"90","909.0","5.0","37.0","A00005037","Loading control panel PZ-185-1S faulty (ALG_GCE) A00005037","0.0","30.0","NaN","1.0","NaN","0","1","0"
"91","909.0","5.0","38.0","A00005038","Memory unit N/W (ALG_GCE) A00005038","0.0","30.0","NaN","1.0","NaN","0","1","0"
"92","909.0","5.0","39.0","A00005039","Primer feeding defective (ALG_GCE) A00005039","0.0","30.0","NaN","1.0","NaN","0","1","0"
"93","909.0","5.0","40.0","A00005040","RC Cassette not aligned (ALG_GCE) A00005040","0.0","30.0","NaN","1.0","NaN","0","1","0"
"94","909.0","5.0","41.0","A00005041","RC auto manual lock N/W (ALG_GCE) A00005041","0.0","30.0","NaN","1.0","NaN","0","1","0"
"95","909.0","5.0","42.0","A00005042","RC Cable N/W  (ALG_GCE) A00005042","0.0","30.0","NaN","1.0","NaN","0","1","0"
"96","909.0","5.0","43.0","A00005043","RC Fork lever Bkn (ALG_GCE) A00005043","0.0","30.0","NaN","1.0","NaN","0","1","0"
"97","909.0","5.0","44.0","A00005044","RC N/W (ALG_GCE) A00005044","0.0","30.0","NaN","1.0","NaN","0","1","0"
"98","909.0","5.0","45.0","A00005045","RC Electromagnet n/w (ALG_GCE) A00005045","0.0","30.0","NaN","1.0","NaN","0","1","0"
"99","909.0","5.0","46.0","A00005046","Rotary conveyor electro magnet faulty (ALG_GCE) A00005046","0.0","30.0","NaN","1.0","NaN","0","1","0"
"100","909.0","5.0","47.0","A00005047","Spent cartridge case not being ejected (ALG_GCE) A00005047","0.0","30.0","NaN","1.0","NaN","0","1","0"
"101","909.0","6.0","1.0","A00006001","Capacitor Box N/W  (ALNS/GPS) A00006001","0.0","30.0","NaN","1.0","NaN","0","1","0"
"102","909.0","6.0","2.0","A00006002","CDU N/W  (ALNS/GPS) A00006002","0.0","30.0","NaN","1.0","NaN","0","1","0"
"103","909.0","6.0","3.0","A00006003","DDU N/W (ALNS/GPS) A00006003","0.0","30.0","NaN","1.0","NaN","0","1","0"
"104","909.0","6.0","4.0","A00006004","INU N/W (ALNS/GPS) A00006004","0.0","30.0","NaN","1.0","NaN","0","1","0"
"105","909.0","6.0","5.0","A00006005","Posn Indicator N/W (ALNS/GPS) A00006005","0.0","30.0","NaN","1.0","NaN","0","1","0"
"106","909.0","7.0","1.0","A00007001","AM unit faulty/bkn (AM-9050) A00007001","0.0","30.0","NaN","1.0","NaN","0","1","0"
"107","909.0","8.0","1.0","A00008001","ANT bkn/faulty  (ANT & AMU) A00008001","0.0","30.0","NaN","1.0","NaN","0","1","0"
"108","909.0","9.0","1.0","A00009001","Brl cracked 6” from muzzle end (BARREL) A00009001","4.0","30.0","NaN","1.0","NaN","0","1","0"
"109","909.0","9.0","2.0","A00009002","Brl burst (BARREL) A00009002","12.0","0.0","NaN","2.0","NaN","0","1","0"
"110","909.0","9.0","3.0","A00009003","Brl Spring bkn (BARREL) A00009003","0.0","30.0","NaN","1.0","NaN","0","1","0"
"111","909.0","9.0","4.0","A00009004","Chipping of Lands (BARREL) A00009004","0.0","30.0","NaN","1.0","NaN","0","1","0"
"112","909.0","9.0","5.0","A00009005","Deep pitting in grooves (BARREL) A00009005","8.0","30.0","NaN","2.0","NaN","0","1","0"
"113","909.0","9.0","6.0","A00009006","Extractor plunger with spring damage (BARREL) A00009006","0.0","30.0","NaN","1.0","NaN","0","1","0"
"114","909.0","9.0","7.0","A00009007","Fume extractor leaking (BARREL) A00009007","0.0","30.0","NaN","1.0","NaN","0","1","0"
"115","909.0","9.0","8.0","A00009008","Fume extractor locking pawl bolt bkn (BARREL) A00009008","0.0","30.0","NaN","1.0","NaN","0","1","0"
"116","909.0","9.0","9.0","A00009009","Gas fouling at C of R (BARREL) A00009009","0.0","30.0","NaN","2.0","NaN","0","1","0"
"117","909.0","9.0","10.0","A00009010","Gasket unsv and thermal jacket No. 1,2, 3 & 4 bkn (BARREL) A00009010","0.0","30.0","NaN","1.0","NaN","0","1","0"
"118","909.0","9.0","11.0","A00009011","Lower Extractor Bkn  (BARREL) A00009011","0.0","30.0","NaN","2.0","NaN","0","1","0"
"119","909.0","9.0","12.0","A00009012","Main gun mantlet cover not fitted properly (BARREL) A00009012","0.0","30.0","NaN","1.0","NaN","0","1","0"
"120","909.0","9.0","13.0","A00009013","Metal chipped out from breech end face of the Brl (BARREL) A00009013","0.0","30.0","NaN","1.0","NaN","0","1","0"
"121","909.0","9.0","14.0","A00009014","Rounds not hitting on tgt, sight alignment- (BARREL) A00009014","0.0","30.0","NaN","1.0","NaN","1","1","0"
"122","909.0","9.0","15.0","A00009015","Rubber mantlet gasket seal perished (BARREL) A00009015","0.0","30.0","NaN","1.0","NaN","0","1","0"
"123","909.0","9.0","16.0","A00009016","Scoring  (BARREL) A00009016","0.0","30.0","NaN","1.0","NaN","0","1","0"
"124","909.0","9.0","17.0","A00009017","Sec-II & III thermal jacket bkn (BARREL) A00009017","0.0","30.0","NaN","1.0","NaN","0","1","1"
"125","909.0","9.0","18.0","A00009018","Thermal jacket bkn (BARREL) A00009018","0.0","30.0","NaN","1.0","NaN","0","1","1"
"126","909.0","9.0","19.0","A00009019","Muzzle brake metal chipped  (BARREL) A00009019","0.0","30.0","NaN","1.0","NaN","0","1","0"
"127","909.0","9.0","20.0","A00009020","Baffles Chipped off (BARREL) A00009020","0.0","30.0","NaN","1.0","NaN","0","1","0"
"128","909.0","9.0","21.0","A00009021","Muzzle Brake loose (BARREL) A00009021","0.0","30.0","NaN","1.0","NaN","0","1","0"
"129","909.0","10.0","1.0","A00010001","Brake efficiency poor  (BRAKE SYS) A00010001","0.0","30.0","NaN","1.0","NaN","1","1","0"
"130","909.0","10.0","2.0","A00010002","Hyd Brake Booster N/W (BRAKE SYS) A00010002","0.0","30.0","NaN","1.0","NaN","1","1","0"
"131","909.0","10.0","3.0","A00010003","Hyd brake N/W  (BRAKE SYS) A00010003","0.0","30.0","NaN","1.0","NaN","1","1","0"
"132","909.0","10.0","4.0","A00010004","Brake pedal hard  (BRAKE SYS) A00010004","0.0","30.0","NaN","1.0","NaN","0","1","0"
"133","909.0","10.0","5.0","A00010005","Linkage adj disturbed (BRAKE SYS) A00010005","0.0","30.0","NaN","1.0","NaN","0","1","0"
"134","909.0","11.0","1.0","A00011001","Barrel bulged - CO_AXIALMMG (CO_AXIAL MMG) A00011001","0.0","30.0","NaN","1.0","NaN","0","1","0"
"135","909.0","11.0","2.0","A00011002","Cocking Handle bkn - CO (CO_AXIAL MMG) A00011002","0.0","30.0","NaN","1.0","NaN","0","1","0"
"136","909.0","11.0","3.0","A00011003","Combine cock N/W - CO (CO_AXIAL MMG) A00011003","0.0","30.0","NaN","1.0","NaN","0","1","0"
"137","909.0","11.0","4.0","A00011004","Bracket mounting bkn (CO_AXIAL MMG) A00011004","0.0","30.0","NaN","1.0","NaN","0","1","0"
"138","909.0","11.0","5.0","A00011005","Cocking Spring bkn/weak (CO_AXIAL MMG) A00011005","0.0","30.0","NaN","1.0","NaN","0","1","0"
"139","909.0","11.0","6.0","A00011006","Cocking mech faulty  (CO_AXIAL MMG) A00011006","0.0","30.0","NaN","1.0","NaN","0","1","0"
"140","909.0","11.0","7.0","A00011007","Firing pin bent/Bkn - CO_AXIALMMG (CO_AXIAL MMG) A00011007","0.0","30.0","NaN","1.0","NaN","0","1","0"
"141","909.0","11.0","8.0","A00011008","MMG barrel pitted (CO_AXIAL MMG) A00011008","0.0","30.0","NaN","1.0","NaN","0","1","0"
"142","909.0","11.0","9.0","A00011009","MMG body bulged  (CO_AXIAL MMG) A00011009","0.0","30.0","NaN","1.0","NaN","0","1","0"
"143","909.0","12.0","1.0","A00012001","Parking brake locked but gear operation possible  (CONTROL LINKAGE) A00012001","0.0","30.0","NaN","1.0","NaN","0","1","0"
"144","909.0","12.0","2.0","A00012002","Clutch linkage W/O/bkn  (CONTROL LINKAGE) A00012002","0.0","30.0","NaN","1.0","NaN","0","1","0"
"145","909.0","12.0","3.0","A00012003","Clutch pedal excessive play  (CONTROL LINKAGE) A00012003","0.0","30.0","NaN","1.0","NaN","0","1","0"
"146","909.0","12.0","4.0","A00012004","Clutch not functioning properly  (CONTROL LINKAGE) A00012004","0.0","30.0","NaN","1.0","NaN","0","1","0"
"147","909.0","12.0","5.0","A00012005","Gear locking lever spring bkn (CONTROL LINKAGE) A00012005","0.0","30.0","NaN","1.0","NaN","0","1","0"
"148","909.0","12.0","6.0","A00012006","RPM hand throttle up & down (CONTROL LINKAGE) A00012006","0.0","30.0","NaN","1.0","NaN","0","1","0"
"149","909.0","12.0","7.0","A00012007","Txn compartment shutter lock in open position  (CONTROL LINKAGE) A00012007","0.0","30.0","NaN","1.0","NaN","0","1","0"
"150","909.0","13.0","1.0","A00013001","Both cyl head water leaking (COOLING SYS) A00013001","0.0","30.0","NaN","1.0","NaN","1","1","0"
"151","909.0","13.0","2.0","A00013002","Coolant leaking from blow hole in RH block  (COOLING SYS) A00013002","0.0","30.0","NaN","1.0","NaN","1","1","0"
"152","909.0","13.0","3.0","A00013003","Coolant leaking from Radiator inlet hose (COOLING SYS) A00013003","0.0","30.0","NaN","1.0","NaN","0","1","0"
"153","909.0","13.0","4.0","A00013004","Cooling fan blade bkn  (COOLING SYS) A00013004","0.0","30.0","NaN","1.0","NaN","0","1","0"
"154","909.0","13.0","5.0","A00013005","Coolant hose perished  (COOLING SYS) A00013005","0.0","30.0","NaN","1.0","NaN","0","1","0"
"155","909.0","13.0","6.0","A00013006","Cooling installation faulty  (COOLING SYS) A00013006","0.0","30.0","NaN","1.0","NaN","1","1","0"
"156","909.0","13.0","7.0","A00013007","Jacketing pipe hose perished  (COOLING SYS) A00013007","0.0","30.0","NaN","1.0","NaN","0","1","0"
"157","909.0","13.0","8.0","A00013008","PVRV N/W  (COOLING SYS) A00013008","0.0","30.0","NaN","1.0","NaN","0","1","0"
"158","909.0","13.0","9.0","A00013009","Radiator hose pipe leaking (COOLING SYS) A00013009","0.0","30.0","NaN","1.0","NaN","0","1","0"
"159","909.0","13.0","10.0","A00013010","Radiator Inlet hose Unsv (COOLING SYS) A00013010","0.0","30.0","NaN","1.0","NaN","0","1","0"
"160","909.0","13.0","11.0","A00013011","Radiator leaking  (COOLING SYS) A00013011","0.0","30.0","NaN","1.0","NaN","0","1","0"
"161","909.0","13.0","12.0","A00013012","Water Hose leaking (COOLING SYS) A00013012","0.0","30.0","NaN","1.0","NaN","0","1","0"
"162","909.0","13.0","13.0","A00013013","Water leaking  (COOLING SYS) A00013013","0.0","30.0","NaN","1.0","NaN","0","1","0"
"163","909.0","13.0","14.0","A00013014","Water pump leaking  (COOLING SYS) A00013014","0.0","30.0","NaN","1.0","NaN","0","1","0"
"164","909.0","13.0","15.0","A00013015","Water pump drive shaft bkn (COOLING SYS) A00013015","0.0","30.0","NaN","1.0","NaN","1","1","0"
"165","909.0","13.0","16.0","A00013016","Water pump gland washer/oil seal perished  (COOLING SYS) A00013016","0.0","30.0","NaN","1.0","NaN","0","1","0"
"166","909.0","13.0","17.0","A00013017","Water Temp High (COOLING SYS) A00013017","0.0","30.0","NaN","1.0","NaN","0","1","0"
"167","909.0","14.0","1.0","A00014001","Charging Gen N/W (ELECT_CHARGING SYS) A00014001","0.0","30.0","NaN","1.0","NaN","0","1","0"
"168","909.0","14.0","2.0","A00014002","Bty not Charging  (ELECT_CHARGING SYS) A00014002","0.0","30.0","NaN","1.0","NaN","0","1","0"
"169","909.0","14.0","3.0","A00014003","Genr N/W  (ELECT_CHARGING SYS) A00014003","0.0","30.0","NaN","1.0","NaN","0","1","0"
"170","909.0","14.0","4.0","A00014004","Relay of voltage regulator faulty  (ELECT_CHARGING SYS) A00014004","0.0","30.0","relay jitter","1.0","NaN","0","1","0"
"171","909.0","14.0","5.0","A00014005","Ampere meter N/W  (ELECT_CHARGING SYS) A00014005","0.0","30.0","NaN","1.0","NaN","0","1","0"
"172","909.0","14.0","6.0","A00014006","Voltmeter N/W (ELECT_CHARGING SYS) A00014006","0.0","30.0","NaN","1.0","NaN","0","1","0"
"173","909.0","14.0","7.0","A00014007","Solenoid N/W (ELECT_CHARGING SYS) A00014007","0.0","30.0","NaN","1.0","NaN","0","1","0"
"174","909.0","14.0","8.0","A00014008","Solenoid valve HF 97 defective (ELECT_CHARGING SYS) A00014008","0.0","30.0","NaN","1.0","NaN","0","1","0"
"175","909.0","14.0","9.0","A00014009","Voltage Regulator N/W (ELECT_CHARGING SYS) A00014009","0.0","30.0","NaN","1.0","NaN","0","1","0"
"176","909.0","15.0","1.0","A00015001","Elevating gear hard (ELEVATING GEAR) A00015001","0.0","30.0","NaN","1.0","NaN","0","1","0"
"177","909.0","15.0","2.0","A00015002","Hand Wheel Rotating Freely  (ELEVATING GEAR) A00015002","0.0","30.0","NaN","1.0","NaN","0","1","0"
"178","909.0","15.0","3.0","A00015003","Hard rotation of elevating gear- (ELEVATING GEAR) A00015003","3.0","0.0","NaN","1.0","NaN","0","1","1"
"179","909.0","15.0","4.0","A00015004","Hard rotation of elevating gear- (ELEVATING GEAR) A00015004","0.0","30.0","NaN","1.0","NaN","0","1","1"
"180","909.0","16.0","1.0","A00016001","10A Fuse of protection unit blowing off when sw ON (ELEVATION AND  TRAVERSE MECH) A00016001","0.0","30.0","NaN","1.0","NaN","0","1","0"
"181","909.0","16.0","2.0","A00016002","20A fuse on Sight TPD-K1 burnt out  (ELEVATION AND  TRAVERSE MECH) A00016002","0.0","30.0","NaN","1.0","NaN","0","1","0"
"182","909.0","16.0","3.0","A00016003","Actuating Cylinder faulty (ELEVATION AND  TRAVERSE MECH) A00016003","0.0","30.0","NaN","1.0","NaN","0","1","0"
"183","909.0","16.0","4.0","A00016004","Amplidyne faulty (ELEVATION AND  TRAVERSE MECH) A00016004","0.0","30.0","NaN","1.0","NaN","0","1","0"
"184","909.0","16.0","5.0","A00016005","Cdr ctrl handle N/W (ELEVATION AND  TRAVERSE MECH) A00016005","0.0","30.0","NaN","1.0","NaN","0","1","0"
"185","909.0","16.0","6.0","A00016006","Cdr overide faulty (ELEVATION AND  TRAVERSE MECH) A00016006","0.0","30.0","NaN","1.0","NaN","0","1","0"
"186","909.0","16.0","7.0","A00016007","Control console of Sight 1G 46 defective (ELEVATION AND  TRAVERSE MECH) A00016007","0.0","30.0","NaN","1.0","NaN","0","1","0"
"187","909.0","16.0","8.0","A00016008","Control Panel Faulty (ELEVATION AND  TRAVERSE MECH) A00016008","0.0","30.0","NaN","1.0","NaN","0","1","0"
"188","909.0","16.0","9.0","A00016009","Control unit K1-IC defective","0.0","30.0","NaN","1.0","NaN","0","1","0"
"189","909.0","16.0","10.0","A00016010","Control Unit Bty N/W  (ELEVATION AND  TRAVERSE MECH) A00016010","0.0","30.0","NaN","1.0","NaN","0","1","0"
"190","909.0","16.0","11.0","A00016011","Control unit BY -25-2C N/W  (ELEVATION AND  TRAVERSE MECH) A00016011","0.0","30.0","NaN","1.0","NaN","0","1","0"
"191","909.0","16.0","12.0","A00016012","Control unit K1M box defective (ELEVATION AND  TRAVERSE MECH) A00016012","0.0","30.0","NaN","1.0","NaN","0","1","0"
"192","909.0","16.0","13.0","A00016013","Convertor motor N/W (ELEVATION AND  TRAVERSE MECH) A00016013","0.0","30.0","NaN","1.0","NaN","0","1","0"
"193","909.0","16.0","14.0","A00016014","Converter lamp not glowing on TPD-K1  (ELEVATION AND  TRAVERSE MECH) A00016014","0.0","30.0","NaN","1.0","NaN","0","1","0"
"194","909.0","16.0","15.0","A00016015","Creeping in double SA mode  (ELEVATION AND  TRAVERSE MECH) A00016015","0.0","30.0","NaN","1.0","NaN","0","1","0"
"195","909.0","16.0","16.0","A00016016","Creeping in non stab mode  (ELEVATION AND  TRAVERSE MECH) A00016016","0.0","30.0","NaN","1.0","NaN","0","1","0"
"196","909.0","16.0","17.0","A00016017","Cordon gear EM N/W  (ELEVATION AND  TRAVERSE MECH) A00016017","0.0","30.0","NaN","1.0","NaN","0","1","0"
"197","909.0","16.0","18.0","A00016018","Current Convertor PT- 800 faulty (ELEVATION AND  TRAVERSE MECH) A00016018","0.0","30.0","NaN","1.0","NaN","0","1","0"
"198","909.0","16.0","19.0","A00016019","Creeping in Auto Mode (ELEVATION AND  TRAVERSE MECH) A00016019","0.0","30.0","NaN","1.0","NaN","0","1","0"
"199","909.0","16.0","20.0","A00016020","Depression limit switch N/W  (ELEVATION AND  TRAVERSE MECH) A00016020","0.0","30.0","NaN","1.0","NaN","0","1","0"
"200","909.0","16.0","21.0","A00016021","Depression signal N/W (ELEVATION AND  TRAVERSE MECH) A00016021","0.0","30.0","NaN","1.0","NaN","0","1","0"
"201","909.0","16.0","22.0","A00016022","Double mode gun not getting tangent elev when amn change selector sw op (ELEVATION AND  TRAVERSE MECH) A00016022","0.0","30.0","NaN","1.0","NaN","0","1","0"
"202","909.0","16.0","23.0","A00016023","Double mode N/W (ELEVATION AND  TRAVERSE MECH) A00016023","0.0","30.0","NaN","1.0","NaN","0","1","0"
"203","909.0","16.0","24.0","A00016024","Double SA creeping towards left (ELEVATION AND  TRAVERSE MECH) A00016024","0.0","30.0","NaN","1.0","NaN","0","1","0"
"204","909.0","16.0","25.0","A00016025","Drift in traverse channel (ELEVATION AND  TRAVERSE MECH) A00016025","0.0","30.0","NaN","1.0","NaN","0","1","0"
"205","909.0","16.0","26.0","A00016026","Double SA mode N/W  (ELEVATION AND  TRAVERSE MECH) A00016026","0.0","30.0","NaN","1.0","NaN","0","1","0"
"206","909.0","16.0","27.0","A00016027","Elevation Rate Gyro N/W  (ELEVATION AND  TRAVERSE MECH) A00016027","0.0","30.0","NaN","1.0","NaN","0","1","0"
"207","909.0","16.0","28.0","A00016028","EM of power elevation and traverse not energise  (ELEVATION AND  TRAVERSE MECH) A00016028","0.0","30.0","NaN","1.0","NaN","0","1","0"
"208","909.0","16.0","29.0","A00016029","Elevation Hard (ELEVATION AND  TRAVERSE MECH) A00016029","0.0","30.0","NaN","1.0","NaN","0","1","1"
"209","909.0","16.0","30.0","A00016030","Elevation system faulty (ELEVATION AND  TRAVERSE MECH) A00016030","0.0","30.0","NaN","1.0","NaN","0","1","0"
"210","909.0","16.0","31.0","A00016031","Elevation system faulty (ELEVATION AND  TRAVERSE MECH) A00016031","0.0","30.0","NaN","1.0","NaN","0","1","1"
"211","909.0","16.0","32.0","A00016032","Elevation system faulty (ELEVATION AND  TRAVERSE MECH) A00016032","0.0","30.0","NaN","1.0","NaN","0","1","1"
"212","909.0","16.0","33.0","A00016033","Elevation motor N/W (ELEVATION AND  TRAVERSE MECH) A00016033","0.0","30.0","NaN","1.0","NaN","0","1","0"
"213","909.0","16.0","34.0","A00016034","Elevation operation N/W (ELEVATION AND  TRAVERSE MECH) A00016034","0.0","30.0","NaN","1.0","NaN","0","1","0"
"214","909.0","16.0","35.0","A00016035","Electric Unit 1G 46 faulty (ELEVATION AND  TRAVERSE MECH) A00016035","0.0","30.0","NaN","1.0","NaN","0","1","0"
"215","909.0","16.0","36.0","A00016036","FCS faulty (Gun trav speed slow towards Rt side) (ELEVATION AND  TRAVERSE MECH) A00016036","0.0","30.0","NaN","1.0","NaN","0","1","0"
"216","909.0","16.0","37.0","A00016037","FCS lamp not glowing on GCU (ELEVATION AND  TRAVERSE MECH) A00016037","0.0","30.0","NaN","1.0","NaN","0","1","0"
"217","909.0","16.0","38.0","A00016038","FCS not functional in double mode (ELEVATION AND  TRAVERSE MECH) A00016038","0.0","30.0","NaN","1.0","NaN","0","1","0"
"218","909.0","16.0","39.0","A00016039","FCS N/W, sight not getting ON (ELEVATION AND  TRAVERSE MECH) A00016039","0.0","30.0","NaN","1.0","NaN","0","1","0"
"219","909.0","16.0","40.0","A00016040","Fuse in elect unit of TKN-4S N/W (ELEVATION AND  TRAVERSE MECH) A00016040","0.0","30.0","NaN","1.0","NaN","0","1","0"
"220","909.0","16.0","41.0","A00016041","GCE Sys N/W (ELEVATION AND  TRAVERSE MECH) A00016041","0.0","30.0","NaN","1.0","NaN","0","1","0"
"221","909.0","16.0","42.0","A00016042","GNR Control panel faulty (ELEVATION AND  TRAVERSE MECH) A00016042","0.0","30.0","NaN","1.0","NaN","0","1","0"
"222","909.0","16.0","43.0","A00016043","Gun depresses automatically after switching ON SCOL (ELEVATION AND  TRAVERSE MECH) A00016043","0.0","30.0","NaN","1.0","NaN","0","1","0"
"223","909.0","16.0","44.0","A00016044","Gun drift towards left & down (ELEVATION AND  TRAVERSE MECH) A00016044","0.0","30.0","NaN","1.0","NaN","0","1","0"
"224","909.0","16.0","45.0","A00016045","Gun  does not reach in fully run out posn (ELEVATION AND  TRAVERSE MECH) A00016045","0.0","30.0","NaN","1.0","NaN","0","1","0"
"225","909.0","16.0","46.0","A00016046","Gun hunting after SCOL operated (ELEVATION AND  TRAVERSE MECH) A00016046","0.0","30.0","NaN","1.0","NaN","0","1","0"
"226","909.0","16.0","47.0","A00016047","Gun hunting in vertical plane (ELEVATION AND  TRAVERSE MECH) A00016047","0.0","30.0","NaN","1.0","NaN","0","1","0"
"227","909.0","16.0","48.0","A00016048","Gun hunting on pressing LRF button (ELEVATION AND  TRAVERSE MECH) A00016048","0.0","30.0","NaN","1.0","NaN","0","1","0"
"228","909.0","16.0","49.0","A00016049","Gun hunting when FCS switched on (ELEVATION AND  TRAVERSE MECH) A00016049","0.0","30.0","NaN","1.0","NaN","0","1","0"
"229","909.0","16.0","50.0","A00016050","Gun is not Stab in vertical plane (ELEVATION AND  TRAVERSE MECH) A00016050","0.0","30.0","NaN","1.0","NaN","0","1","0"
"230","909.0","16.0","51.0","A00016051","Gun trav speed slow towards Rt side (ELEVATION AND  TRAVERSE MECH) A00016051","0.0","30.0","NaN","1.0","NaN","0","1","0"
"231","909.0","16.0","52.0","A00016052","Gyro block faulty (ELEVATION AND  TRAVERSE MECH) A00016052","0.0","30.0","NaN","1.0","NaN","0","1","0"
"232","909.0","16.0","53.0","A00016053","Gyro block of 1G 46 faulty (ELEVATION AND  TRAVERSE MECH) A00016053","0.0","30.0","NaN","1.0","NaN","0","1","0"
"233","909.0","16.0","54.0","A00016054","Hyd booster motor faulty (ELEVATION AND  TRAVERSE MECH) A00016054","0.0","30.0","NaN","1.0","NaN","0","1","0"
"234","909.0","16.0","55.0","A00016055","Hyd booster union loose (ELEVATION AND  TRAVERSE MECH) A00016055","0.0","30.0","NaN","1.0","NaN","0","1","0"
"235","909.0","16.0","56.0","A00016056","In double mode gun does not mov in vertical plane (ELEVATION AND  TRAVERSE MECH) A00016056","0.0","30.0","NaN","1.0","NaN","0","1","0"
"236","909.0","16.0","57.0","A00016057","No light indication hatch open on unit BY-25-2C (ELEVATION AND  TRAVERSE MECH) A00016057","0.0","30.0","NaN","1.0","NaN","0","1","0"
"237","909.0","16.0","58.0","A00016058","Observation mode N/W (ELEVATION AND  TRAVERSE MECH) A00016058","0.0","30.0","NaN","1.0","NaN","0","1","0"
"238","909.0","16.0","59.0","A00016059","Pump with drive motor faulty (ELEVATION AND  TRAVERSE MECH) A00016059","0.0","30.0","NaN","1.0","NaN","0","1","0"
"239","909.0","16.0","60.0","A00016060","Sight electric unit faulty (ELEVATION AND  TRAVERSE MECH) A00016060","0.0","30.0","NaN","1.0","NaN","0","1","1"
"240","909.0","16.0","61.0","A00016061","Sight IG 46 defective (ELEVATION AND  TRAVERSE MECH) A00016061","0.0","30.0","NaN","1.0","NaN","0","1","0"
"241","909.0","16.0","62.0","A00016062","Stab elevation mode sometimes N/W (ELEVATION AND  TRAVERSE MECH) A00016062","0.0","30.0","NaN","1.0","NaN","0","1","0"
"242","909.0","16.0","63.0","A00016063","Stab oil checking faulty (ELEVATION AND  TRAVERSE MECH) A00016063","0.0","30.0","NaN","1.0","NaN","0","1","0"
"243","909.0","16.0","64.0","A00016064","Stab Sys  of Gnr Sight 1G 46 Defective (ELEVATION AND  TRAVERSE MECH) A00016064","0.0","30.0","NaN","1.0","NaN","0","1","0"
"244","909.0","16.0","65.0","A00016065","Stab sys N/W (ELEVATION AND  TRAVERSE MECH) A00016065","0.0","30.0","NaN","1.0","NaN","0","1","0"
"245","909.0","16.0","66.0","A00016066","Stab Elevation N/W (ELEVATION AND  TRAVERSE MECH) A00016066","0.0","30.0","NaN","1.0","NaN","0","1","0"
"246","909.0","16.0","67.0","A00016067","Stab Traverse N/W (ELEVATION AND  TRAVERSE MECH) A00016067","0.0","30.0","NaN","1.0","NaN","0","1","0"
"247","909.0","16.0","68.0","A00016068","Stabilisation of TKN-4S N/W (ELEVATION AND  TRAVERSE MECH) A00016068","0.0","30.0","NaN","1.0","NaN","0","1","0"
"248","909.0","16.0","69.0","A00016069","TKN-4S faulty (ELEVATION AND  TRAVERSE MECH) A00016069","0.0","30.0","NaN","1.0","NaN","0","1","0"
"249","909.0","16.0","70.0","A00016070","Traverse Signal N/W from Control Handle  (ELEVATION AND  TRAVERSE MECH) A00016070","0.0","30.0","NaN","1.0","NaN","0","1","0"
"250","909.0","16.0","71.0","A00016071","Tgt designation N/W (ELEVATION AND  TRAVERSE MECH) A00016071","0.0","30.0","NaN","1.0","NaN","0","1","0"
"251","909.0","16.0","72.0","A00016072","Traverse motor N/W (ELEVATION AND  TRAVERSE MECH) A00016072","0.0","30.0","NaN","1.0","NaN","0","1","0"
"252","909.0","16.0","73.0","A00016073","Traverse Rate Gyro N/W (ELEVATION AND  TRAVERSE MECH) A00016073","0.0","30.0","NaN","1.0","NaN","0","1","0"
"253","909.0","16.0","74.0","A00016074","Turret does not  traverse anti clockwise  (ELEVATION AND  TRAVERSE MECH) A00016074","0.0","30.0","NaN","1.0","NaN","0","1","0"
"254","909.0","16.0","75.0","A00016075","Traversing gear dowel pin bkn  (ELEVATION AND  TRAVERSE MECH) A00016075","0.0","30.0","NaN","1.0","NaN","0","1","0"
"255","909.0","16.0","76.0","A00016076","Traverse gear N/W (ELEVATION AND  TRAVERSE MECH) A00016076","0.0","30.0","NaN","1.0","NaN","0","1","0"
"256","909.0","16.0","77.0","A00016077","Traverse hand whl lock nut bkn (ELEVATION AND  TRAVERSE MECH) A00016077","0.0","30.0","NaN","1.0","NaN","0","1","0"
"257","909.0","16.0","78.0","A00016078","Turret trav auto when gyro of 1G46 unlocked- (ELEVATION AND  TRAVERSE MECH) A00016078","0.0","30.0","NaN","1.0","NaN","0","1","1"
"258","909.0","16.0","79.0","A00016079","Turret traversing electro magnet faulty (ELEVATION AND  TRAVERSE MECH) A00016079","0.0","30.0","NaN","1.0","NaN","0","1","0"
"259","909.0","17.0","1.0","A00017001","Big end cell W/O (ENG ASSY) A00017001","0.0","30.0","NaN","1.0","NaN","1","1","0"
"260","909.0","17.0","2.0","A00017002","Actuating Crank & roller bkn (ENG ASSY) A00017002","0.0","30.0","NaN","1.0","NaN","1","1","0"
"261","909.0","17.0","3.0","A00017003","Actuating Crank Stud bkn (ENG ASSY) A00017003","0.0","30.0","NaN","1.0","NaN","1","1","0"
"262","909.0","17.0","4.0","A00017004","Both cyl head water leaking  (ENG ASSY) A00017004","0.0","30.0","NaN","1.0","NaN","1","1","0"
"263","909.0","17.0","5.0","A00017005","Crank case bkn (ENG ASSY) A00017005","0.0","30.0","NaN","1.0","NaN","0","1","0"
"264","909.0","17.0","6.0","A00017006","Cylinder head gasket leaking (ENG ASSY) A00017006","0.0","30.0","NaN","1.0","NaN","1","1","0"
"265","909.0","17.0","7.0","A00017007","Eng Assy Seized (ENG ASSY) A00017007","0.0","30.0","NaN","1.0","NaN","1","1","0"
"266","909.0","17.0","8.0","A00017008","Eng Crank Hard (ENG ASSY) A00017008","0.0","30.0","NaN","1.0","NaN","0","1","0"
"267","909.0","17.0","9.0","A00017009","Eng cranks but does not start (ENG ASSY) A00017009","2.0","30.0","NaN","1.0","NaN","0","1","0"
"268","909.0","17.0","10.0","A00017010","Eng does not crank  (ENG ASSY) A00017010","1.0","30.0","NaN","1.0","NaN","1","1","0"
"269","909.0","17.0","11.0","A00017011","Eng does not stall/stop when all button pressed (ENG ASSY) A00017011","0.0","30.0","NaN","1.0","NaN","0","1","0"
"270","909.0","17.0","12.0","A00017012","Eng does not start in cold start mode/Tandem drive mode (ENG ASSY) A00017012","0.0","30.0","NaN","1.0","NaN","0","1","0"
"271","909.0","17.0","13.0","A00017013","Eng does not start in Tandem driving  (ENG ASSY) A00017013","0.0","30.0","NaN","1.0","NaN","0","1","0"
"272","909.0","17.0","14.0","A00017014","Eng Inlet manifold leaking (ENG ASSY) A00017014","0.0","30.0","NaN","1.0","NaN","0","1","0"
"273","909.0","17.0","15.0","A00017015","Eng not cranking (ENG ASSY) A00017015","0.0","30.0","NaN","1.0","NaN","1","1","1"
"274","909.0","17.0","16.0","A00017016","Eng Oil Consumption high (ENG ASSY) A00017016","0.0","30.0","NaN","1.0","NaN","0","1","0"
"275","909.0","17.0","17.0","A00017017","Eng over heated (ENG ASSY) A00017017","0.0","30.0","NaN","1.0","NaN","0","1","0"
"276","909.0","17.0","18.0","A00017018","Eng pulling power weak (ENG ASSY) A00017018","0.0","30.0","NaN","1.0","NaN","1","1","0"
"277","909.0","17.0","19.0","A00017019","Eng start but buzzer continuously blowing (ENG ASSY) A00017019","0.0","30.0","NaN","1.0","NaN","1","1","0"
"278","909.0","17.0","20.0","A00017020","Eng Switching off during change of mode (ENG ASSY) A00017020","0.0","30.0","NaN","1.0","NaN","0","1","0"
"279","909.0","17.0","21.0","A00017021","Eng temp high (ENG ASSY) A00017021","0.0","30.0","NaN","1.0","NaN","0","1","1"
"280","909.0","17.0","22.0","A00017022","Eng vibrating (ENG ASSY) A00017022","0.0","30.0","NaN","1.0","NaN","0","1","0"
"281","909.0","17.0","23.0","A00017023","Exhaust leak from compensator (ENG ASSY) A00017023","0.0","30.0","NaN","1.0","NaN","0","1","0"
"282","909.0","17.0","24.0","A00017024","Fly wheel seal leaking (ENG ASSY) A00017024","0.0","30.0","NaN","1.0","NaN","0","1","0"
"283","909.0","17.0","25.0","A00017025","Fly Wheel teeth W/O (ENG ASSY) A00017025","0.0","30.0","NaN","1.0","NaN","0","1","0"
"284","909.0","17.0","26.0","A00017026","Piston Extension loose (ENG ASSY) A00017026","0.0","30.0","NaN","1.0","NaN","0","1","0"
"285","909.0","17.0","27.0","A00017027","RPM low/ High (ENG ASSY) A00017027","0.0","30.0","NaN","1.0","NaN","0","1","0"
"286","909.0","18.0","1.0","A00018001","CBR SYS N/W (FFE  AND CBR) A00018001","0.0","30.0","NaN","1.0","NaN","0","1","0"
"287","909.0","18.0","2.0","A00018002","Automatic control unit B-13 faulty  (FFE  AND CBR) A00018002","0.0","30.0","NaN","1.0","NaN","0","1","0"
"288","909.0","18.0","3.0","A00018003","Blower hose Perished (FFE  AND CBR) A00018003","0.0","30.0","NaN","1.0","NaN","0","1","0"
"289","909.0","18.0","4.0","A00018004","Blower N/W (FFE  AND CBR) A00018004","0.0","30.0","NaN","1.0","NaN","0","1","0"
"290","909.0","18.0","5.0","A00018005","Booster separator faulty (FFE  AND CBR) A00018005","0.0","30.0","NaN","1.0","NaN","0","1","0"
"291","909.0","18.0","6.0","A00018006","C1, C2 fire extinguisher empty  (FFE  AND CBR) A00018006","0.0","30.0","NaN","1.0","NaN","0","1","0"
"292","909.0","18.0","7.0","A00018007","Dvr comp fire bottle fired  (FFE  AND CBR) A00018007","0.0","30.0","NaN","1.0","NaN","0","1","0"
"293","909.0","18.0","8.0","A00018008","Eng shut down unit N/W (FFE  AND CBR) A00018008","0.0","30.0","NaN","1.0","NaN","0","1","0"
"294","909.0","18.0","9.0","A00018009","FFE No 4 cyl empty (FFE  AND CBR) A00018009","0.0","30.0","NaN","1.0","NaN","0","1","0"
"295","909.0","18.0","10.0","A00018010","firing sensor unit faulty (FFE  AND CBR) A00018010","0.0","30.0","NaN","1.0","NaN","0","1","0"
"296","909.0","18.0","11.0","A00018011","NBC SYS N/W  (FFE  AND CBR) A00018011","0.0","30.0","NaN","1.0","NaN","0","1","0"
"297","909.0","18.0","12.0","A00018012","Optical components dirty  (FFE  AND CBR) A00018012","0.0","30.0","NaN","1.0","NaN","0","1","0"
"298","909.0","18.0","13.0","A00018013","Optical Sensor No 3 N/W & Thermal Sensor No3  N/W  (FFE  AND CBR) A00018013","0.0","30.0","NaN","1.0","NaN","0","1","0"
"299","909.0","18.0","14.0","A00018014","Optical sensor no 1 N/W (FFE  AND CBR) A00018014","0.0","30.0","NaN","1.0","NaN","0","1","0"
"300","909.0","18.0","15.0","A00018015","Optical Sensor No 7 Thermal Sensor No3 N/W  (FFE  and CBR) A00018015","0.0","30.0","NaN","1.0","NaN","0","1","0"
"301","909.0","18.0","16.0","A00018016","Roentgenometer N/W (FFE  AND CBR) A00018016","0.0","30.0","NaN","1.0","NaN","0","1","0"
"302","909.0","18.0","17.0","A00018017","Shutter EM N/W (FFE  AND CBR) A00018017","0.0","30.0","NaN","1.0","NaN","0","1","0"
"303","909.0","18.0","18.0","A00018018","Spl blw faulty (FFE  AND CBR) A00018018","0.0","30.0","NaN","1.0","NaN","0","1","0"
"304","909.0","18.0","19.0","A00018019","Spl blw faulty (FFE  AND CBR) A00018019","0.0","30.0","NaN","1.0","NaN","0","1","1"
"305","909.0","18.0","20.0","A00018020","Termal sensor unit faulty  (FFE  AND CBR) A00018020","0.0","30.0","NaN","1.0","NaN","0","1","0"
"306","909.0","18.0","21.0","A00018021","Thermal Sensor No3  N/W  (FFE  AND CBR) A00018021","0.0","30.0","NaN","1.0","NaN","0","1","0"
"307","909.0","18.0","22.0","A00018022","Zero setting (GO-27) N/W (FFE  AND CBR) A00018022","0.0","30.0","NaN","1.0","NaN","0","1","0"
"308","909.0","19.0","1.0","A00019001","Breech Block not opening fully (FIRING MECH_ARMT) A00019001","0.0","30.0","NaN","1.0","NaN","0","1","0"
"309","909.0","19.0","2.0","A00019002","Breech Block bkn/demaged (FIRING MECH_ARMT) A00019002","0.0","30.0","NaN","1.0","NaN","0","1","0"
"310","909.0","19.0","3.0","A00019003","Breech Block N/W (FIRING MECH_ARMT) A00019003","0.0","30.0","NaN","1.0","NaN","0","1","0"
"311","909.0","19.0","4.0","A00019004","Breech Block Opening Hard (FIRING MECH_ARMT) A00019004","0.0","30.0","NaN","1.0","NaN","0","1","0"
"312","909.0","19.0","5.0","A00019005","Breech Block Carrier Jammed  (FIRING MECH_ARMT) A00019005","0.0","30.0","NaN","1.0","NaN","0","1","0"
"313","909.0","19.0","6.0","A00019006","Breech Block Upper roller Bkn (FIRING MECH_ARMT) A00019006","0.0","30.0","NaN","1.0","NaN","0","1","0"
"314","909.0","19.0","7.0","A00019007","Breech block not closing (FIRING MECH_ARMT) A00019007","0.0","30.0","NaN","1.0","NaN","0","1","0"
"315","909.0","19.0","8.0","A00019008","Breech mechanism lever N/W (FIRING MECH_ARMT) A00019008","0.0","30.0","NaN","1.0","NaN","0","1","0"
"316","909.0","19.0","9.0","A00019009","Extractor not release (FIRING MECH_ARMT) A00019009","0.0","30.0","NaN","1.0","NaN","0","1","0"
"317","909.0","19.0","10.0","A00019010","Extactor plunger with spring damge (FIRING MECH_ARMT) A00019010","0.0","30.0","NaN","1.0","NaN","0","1","0"
"318","909.0","19.0","11.0","A00019011","Firing pin stopper bkn (FIRING MECH_ARMT) A00019011","0.0","30.0","NaN","1.0","NaN","0","1","0"
"319","909.0","19.0","12.0","A00019012","Firing Pin damage (FIRING MECH_ARMT) A00019012","0.0","30.0","NaN","1.0","NaN","0","1","0"
"320","909.0","19.0","13.0","A00019013","Firing locking screw damaged (FIRING MECH_ARMT) A00019013","0.0","30.0","NaN","1.0","NaN","0","1","0"
"321","909.0","19.0","14.0","A00019014","Firing cyl and linkage defective (FIRING MECH_ARMT) A00019014","0.0","30.0","NaN","1.0","NaN","0","1","0"
"322","909.0","19.0","15.0","A00019015","Firing mechanism defective (FIRING MECH_ARMT) A00019015","0.0","30.0","NaN","1.0","NaN","0","1","0"
"323","909.0","19.0","16.0","A00019016","Firing pin bent from rear side (FIRING MECH_ARMT) A00019016","0.0","30.0","NaN","1.0","NaN","0","1","0"
"324","909.0","19.0","17.0","A00019017","Mechanical firing of main gun N/W (FIRING MECH_ARMT) A00019017","0.0","30.0","NaN","1.0","NaN","0","1","0"
"325","909.0","19.0","18.0","A00019018","Recocking lever pin Bkn (FIRING MECH_ARMT) A00019018","0.0","30.0","NaN","1.0","NaN","0","1","0"
"326","909.0","19.0","19.0","A00019019","Recocking mech N/W (FIRING MECH_ARMT) A00019019","0.0","30.0","NaN","1.0","NaN","0","1","0"
"327","909.0","19.0","20.0","A00019020","Safety Plunger Jam (FIRING MECH_ARMT) A00019020","0.0","30.0","NaN","1.0","NaN","0","1","0"
"328","909.0","19.0","21.0","A00019021","Breech screw does not open (FIRING MECH_ARMT) A00019021","0.0","30.0","NaN","1.0","NaN","0","1","0"
"329","909.0","19.0","22.0","A00019022","Breach screw does not close (FIRING MECH_ARMT) A00019022","0.0","30.0","NaN","1.0","NaN","0","1","0"
"330","909.0","20.0","1.0","A00020001","Air bleed cock leaking (FUEL SYS) A00020001","0.0","30.0","NaN","1.0","NaN","0","1","0"
"331","909.0","20.0","2.0","A00020002","Door tank hose perished (FUEL SYS) A00020002","0.0","30.0","NaN","1.0","NaN","0","1","1"
"332","909.0","20.0","3.0","A00020003","Door tank union leak  (FUEL SYS) A00020003","0.0","30.0","NaN","1.0","NaN","0","1","0"
"333","909.0","20.0","4.0","A00020004","Diesel leak LH drain plug (FUEL SYS) A00020004","0.0","30.0","NaN","1.0","NaN","0","1","0"
"334","909.0","20.0","5.0","A00020005","Diesel leaking in eng compartment (FUEL SYS) A00020005","0.0","30.0","NaN","1.0","NaN","0","1","0"
"335","909.0","20.0","6.0","A00020006","External fuel tk clamp loose (FUEL SYS) A00020006","0.0","30.0","NaN","1.0","NaN","0","1","0"
"336","909.0","20.0","7.0","A00020007","External No 4 fuel tank leaking (FUEL SYS) A00020007","0.0","30.0","NaN","1.0","NaN","0","1","0"
"337","909.0","20.0","8.0","A00020008","Fine fuel filter assy bkn (FUEL SYS) A00020008","0.0","30.0","NaN","1.0","NaN","1","1","0"
"338","909.0","20.0","9.0","A00020009","FIP HP line bkn (FUEL SYS) A00020009","0.0","30.0","NaN","1.0","NaN","1","1","0"
"339","909.0","20.0","10.0","A00020010","FIP delivery valve leak (FUEL SYS) A00020010","0.0","30.0","NaN","1.0","NaN","1","1","0"
"340","909.0","20.0","11.0","A00020011","FIP rack rod jammed (FUEL SYS) A00020011","0.0","30.0","NaN","1.0","NaN","1","1","0"
"341","909.0","20.0","12.0","A00020012","Float Valve defective, Leaking (FUEL SYS) A00020012","0.0","30.0","NaN","1.0","NaN","0","1","0"
"342","909.0","20.0","13.0","A00020013","Fuel distr cock defective (FUEL SYS) A00020013","0.0","30.0","NaN","1.0","NaN","0","1","0"
"343","909.0","20.0","14.0","A00020014","Fuel feed pump oil seal perished (FUEL SYS) A00020014","0.0","30.0","NaN","1.0","NaN","1","1","0"
"344","909.0","20.0","15.0","A00020015","Fuel filter dirty (FUEL SYS) A00020015","0.0","30.0","NaN","1.0","NaN","0","1","0"
"345","909.0","20.0","16.0","A00020016","Fuel filter element UNSV (FUEL SYS) A00020016","0.0","30.0","NaN","1.0","NaN","0","1","0"
"346","909.0","20.0","17.0","A00020017","Fuel gauge N/W (FUEL SYS) A00020017","0.0","30.0","NaN","1.0","NaN","0","1","0"
"347","909.0","20.0","18.0","A00020018","Fuel hose perished (FUEL SYS) A00020018","0.0","30.0","NaN","1.0","NaN","0","1","0"
"348","909.0","20.0","19.0","A00020019","Fuel leak off pipe perished (FUEL SYS) A00020019","0.0","30.0","NaN","1.0","NaN","0","1","0"
"349","909.0","20.0","20.0","A00020020","Fuel priming motor N/W (FUEL SYS) A00020020","0.0","30.0","NaN","1.0","NaN","0","1","0"
"350","909.0","20.0","21.0","A00020021","Fuel pump N/W  (FUEL SYS) A00020021","0.0","30.0","NaN","1.0","NaN","1","1","0"
"351","909.0","20.0","22.0","A00020022","Fuel Tank bkn (FUEL SYS) A00020022","0.0","30.0","NaN","1.0","NaN","0","1","0"
"352","909.0","20.0","23.0","A00020023","High Pressure line leaking (FUEL SYS) A00020023","0.0","30.0","NaN","1.0","NaN","0","1","0"
"353","909.0","20.0","24.0","A00020024","Hose Pipe perished (FUEL SYS) A00020024","0.0","30.0","NaN","1.0","NaN","0","1","0"
"354","909.0","20.0","25.0","A00020025","Oil priming relay N/W (FUEL SYS) A00020025","0.0","30.0","NaN","1.0","NaN","0","1","0"
"355","909.0","20.0","26.0","A00020026","Oil priming pump defective (FUEL SYS) A00020026","0.0","30.0","NaN","1.0","NaN","0","1","0"
"356","909.0","20.0","27.0","A00020027","Injector dribbling & Uneven sound with black smoke (FUEL SYS) A00020027","0.0","30.0","NaN","1.0","NaN","0","1","0"
"357","909.0","20.0","28.0","A00020028","Injector leaking (FUEL SYS) A00020028","0.0","30.0","NaN","1.0","NaN","0","1","0"
"358","909.0","20.0","29.0","A00020029","Pulling power weak eng (FUEL SYS) A00020029","0.0","30.0","NaN","1.0","NaN","1","1","0"
"359","909.0","20.0","30.0","A00020030","Tappet Cover leaking  (FUEL SYS) A00020030","0.0","30.0","NaN","1.0","NaN","0","1","0"
"360","909.0","20.0","31.0","A00020031","RHS internal fuel tk clamp loose (FUEL SYS) A00020031","0.0","30.0","NaN","1.0","NaN","0","1","0"
"361","909.0","21.0","1.0","A00021001","Improper assembling (HARNESS CABLES) A00021001","0.0","30.0","NaN","1.0","NaN","0","1","0"
"362","909.0","21.0","2.0","A00021002","Short cct in dvr CB No.6 (HARNESS CABLES) A00021002","0.0","30.0","NaN","1.0","NaN","0","1","0"
"363","909.0","22.0","1.0","A00022001","Head gear faulty  (HEAD GEAR) A00022001","0.0","30.0","NaN","1.0","NaN","0","1","0"
"364","909.0","23.0","1.0","A00023001","Left and right side shield bkn  (HULL) A00023001","0.0","30.0","NaN","1.0","NaN","0","1","0"
"365","909.0","23.0","2.0","A00023002","Dvr cupola handle bkn (HULL) A00023002","0.0","30.0","NaN","1.0","NaN","0","1","0"
"366","909.0","23.0","3.0","A00023003","Mudguard bolt & clamp bkn (HULL) A00023003","0.0","30.0","NaN","1.0","NaN","0","1","0"
"367","909.0","23.0","4.0","A00023004","Mudguard bolt & clamp bkn (HULL) A00023004","0.0","30.0","NaN","1.0","NaN","0","1","1"
"368","909.0","23.0","5.0","A00023005","Rt side mud guard bkn (HULL) A00023005","0.0","30.0","NaN","1.0","NaN","0","1","0"
"369","909.0","23.0","6.0","A00023006","Lt side mud guard bkn (HULL) A00023006","0.0","30.0","NaN","1.0","NaN","0","1","0"
"370","909.0","23.0","7.0","A00023007","Both side mud guard bkn  (HULL) A00023007","0.0","30.0","NaN","1.0","NaN","0","1","0"
"371","909.0","23.0","8.0","A00023008","Both side mud guard bkn  (HULL) A00023008","0.0","30.0","NaN","1.0","NaN","0","1","1"
"372","909.0","23.0","9.0","A00023009","Sudden unlocking of dvr cupola (HULL) A00023009","0.0","30.0","NaN","1.0","NaN","0","1","0"
"373","909.0","26.0","1.0","A00024001","Inter comm N/W - IC-P174 (IC-P174) A00024001","0.0","30.0","NaN","1.0","NaN","0","1","0"
"374","909.0","27.0","1.0","A00025001","Km gauge Faulty (INDICATORS AND SENDING UNITS) A00025001","0.0","30.0","NaN","1.0","NaN","0","1","0"
"375","909.0","27.0","2.0","A00025002","Air pr leaking (INDICATORS AND SENDING UNITS) A00025002","0.0","30.0","NaN","1.0","NaN","0","1","0"
"376","909.0","27.0","3.0","A00025003","Alarm and signaling unit N/W (INDICATORS AND SENDING UNITS) A00025003","0.0","30.0","NaN","1.0","NaN","0","1","0"
"377","909.0","27.0","4.0","A00025004","Burst lead N/W (INDICATORS AND SENDING UNITS) A00025004","0.0","30.0","NaN","1.0","NaN","0","1","0"
"378","909.0","27.0","5.0","A00025005","Coil short (INDICATORS AND SENDING UNITS) A00025005","0.0","30.0","NaN","1.0","NaN","0","1","0"
"379","909.0","27.0","6.0","A00025006","Coolant & Oil Temp Gauge N/W (INDICATORS AND SENDING UNITS) A00025006","0.0","30.0","NaN","1.0","NaN","0","1","0"
"380","909.0","27.0","7.0","A00025007","Eng oil pressure guage N/W  (INDICATORS AND SENDING UNITS) A00025007","0.0","30.0","NaN","1.0","NaN","0","1","0"
"381","909.0","27.0","8.0","A00025008","EOPP LEAK (INDICATORS AND SENDING UNITS) A00025008","0.0","30.0","NaN","1.0","NaN","0","1","0"
"382","909.0","27.0","9.0","A00025009","Eng oil pr sending unit faulty (INDICATORS AND SENDING UNITS) A00025009","0.0","30.0","NaN","1.0","NaN","0","1","0"
"383","909.0","27.0","10.0","A00025010","RPM gauge faulty (INDICATORS AND SENDING UNITS) A00025010","0.0","30.0","NaN","1.0","NaN","0","1","0"
"384","909.0","27.0","11.0","A00025011","Gear box out pr gauge N/W  (INDICATORS AND SENDING UNITS) A00025011","0.0","30.0","NaN","1.0","NaN","0","1","0"
"385","909.0","27.0","12.0","A00025012","Horn N/W  (INDICATORS AND SENDING UNITS) A00025012","0.0","30.0","NaN","1.0","NaN","0","1","0"
"386","909.0","27.0","13.0","A00025013","Improper installation (INDICATORS AND SENDING UNITS) A00025013","0.0","30.0","NaN","1.0","NaN","0","1","0"
"387","909.0","27.0","14.0","A00025014","KM Head N/W (INDICATORS AND SENDING UNITS) A00025014","0.0","30.0","NaN","1.0","NaN","0","1","0"
"388","909.0","27.0","15.0","A00025015","Hour meter N/W  (INDICATORS AND SENDING UNITS) A00025015","0.0","30.0","NaN","1.0","NaN","0","1","0"
"389","909.0","27.0","16.0","A00025016","MZN pump N/W  (INDICATORS AND SENDING UNITS) A00025016","0.0","30.0","NaN","1.0","NaN","0","1","0"
"390","909.0","27.0","17.0","A00025017","Oil pr gauge faulty  (INDICATORS AND SENDING UNITS) A00025017","0.0","30.0","NaN","1.0","NaN","0","1","0"
"391","909.0","27.0","18.0","A00025018","Oil temp guage N/W  (INDICATORS AND SENDING UNITS) A00025018","0.0","30.0","NaN","1.0","NaN","0","1","0"
"392","909.0","27.0","19.0","A00025019","Recoil indicator N/W (INDICATORS AND SENDING UNITS) A00025019","0.0","30.0","NaN","1.0","NaN","0","1","0"
"393","909.0","27.0","20.0","A00025020","Sending unit N/W (INDICATORS AND SENDING UNITS) A00025020","0.0","30.0","NaN","1.0","NaN","0","1","0"
"394","909.0","27.0","21.0","A00025021","Sending unit B2  (INDICATORS AND SENDING UNITS) A00025021","0.0","30.0","NaN","1.0","NaN","0","1","0"
"395","909.0","27.0","22.0","A00025022","Stop watch N/W (INDICATORS AND SENDING UNITS) A00025022","0.0","30.0","NaN","1.0","NaN","0","1","0"
"396","909.0","27.0","23.0","A00025023","Speedometer sending unit N/W (INDICATORS AND SENDING UNITS) A00025023","0.0","30.0","NaN","1.0","NaN","0","1","0"
"397","909.0","27.0","24.0","A00025024","Speedometer sending unit N/W  (INDICATORS AND SENDING UNITS) A00025024","0.0","30.0","NaN","1.0","NaN","0","1","1"
"398","909.0","27.0","25.0","A00025025","Temp Gauge  N/W  (INDICATORS AND SENDING UNITS) A00025025","0.0","30.0","NaN","1.0","NaN","0","1","0"
"399","909.0","27.0","26.0","A00025026","Temp Gauge  N/W  (INDICATORS AND SENDING UNITS) A00025026","0.0","30.0","NaN","1.0","NaN","0","1","1"
"400","909.0","27.0","27.0","A00025027","Txn oil pressure gauge N/W (INDICATORS AND SENDING UNITS) A00025027","0.0","30.0","NaN","1.0","NaN","0","1","0"
"401","909.0","27.0","28.0","A00025028","TOPP leak  (INDICATORS AND SENDING UNITS) A00025028","0.0","30.0","NaN","1.0","NaN","0","1","0"
"402","909.0","27.0","29.0","A00025029","Water Temp guageN/W (INDICATORS AND SENDING UNITS) A00025029","0.0","30.0","NaN","1.0","NaN","0","1","0"
"403","909.0","28.0","1.0","A00026001","Alarm and signaling unit N/W (LIGHTING SYS) A00026001","0.0","30.0","NaN","1.0","NaN","0","1","0"
"404","909.0","28.0","2.0","A00026002","Blower N/W (LIGHTING SYS) A00026002","0.0","30.0","NaN","1.0","NaN","0","1","0"
"405","909.0","28.0","3.0","A00026003","Cdrs dome lamp glass bkn (LIGHTING SYS) A00026003","0.0","30.0","NaN","1.0","NaN","0","1","0"
"406","909.0","28.0","4.0","A00026004","Cdrs fan N/W  (LIGHTING SYS) A00026004","0.0","30.0","NaN","1.0","NaN","0","1","0"
"407","909.0","28.0","5.0","A00026005","Convoy light N/W  (LIGHTING SYS) A00026005","0.0","30.0","NaN","1.0","NaN","0","1","0"
"408","909.0","28.0","6.0","A00026006","Convoy light N/W  (LIGHTING SYS) A00026006","0.0","30.0","repeat","1.0","NaN","0","1","1"
"409","909.0","28.0","7.0","A00026007","Dvr support light glass cracked (LIGHTING SYS) A00026007","0.0","30.0","NaN","1.0","NaN","0","1","0"
"410","909.0","28.0","8.0","A00026008","GDI illuminator N/W  (LIGHTING SYS) A00026008","0.0","30.0","NaN","1.0","NaN","0","1","0"
"411","909.0","28.0","9.0","A00026009","GDI lamp not glowing (LIGHTING SYS) A00026009","0.0","30.0","NaN","1.0","NaN","0","1","0"
"412","909.0","28.0","10.0","A00026010","Indicator N/W  (LIGHTING SYS) A00026010","0.0","30.0","NaN","1.0","NaN","0","1","0"
"413","909.0","28.0","11.0","A00026011","KDS light & brake light N/W  (LIGHTING SYS) A00026011","0.0","30.0","NaN","1.0","NaN","0","1","0"
"414","909.0","28.0","12.0","A00026012","KDS light & brake light N/W (LIGHTING SYS) A00026012","0.0","30.0","repeat","1.0","NaN","0","1","1"
"415","909.0","29.0","1.0","A00027001","Coarse filter clogged (LUB SYS) A00027001","0.0","30.0","NaN","1.0","NaN","0","1","0"
"416","909.0","29.0","2.0","A00027002","COC blocked (LUB SYS) A00027002","0.0","30.0","NaN","1.0","NaN","0","1","0"
"417","909.0","29.0","3.0","A00027003","COC rotor thread W/O (LUB SYS) A00027003","0.0","30.0","NaN","1.0","NaN","0","1","0"
"418","909.0","29.0","4.0","A00027004","Drain plug Thread W/O (LUB SYS) A00027004","0.0","30.0","NaN","1.0","NaN","0","1","0"
"419","909.0","29.0","5.0","A00027005","Eng oil contaminated (LUB SYS) A00027005","0.0","30.0","NaN","1.0","NaN","1","1","0"
"420","909.0","29.0","6.0","A00027006","Eng oil dilution (LUB SYS) A00027006","0.0","30.0","NaN","1.0","NaN","1","1","0"
"421","909.0","29.0","7.0","A00027007","Eng oil leaking from cyl head (LUB SYS) A00027007","0.0","30.0","NaN","1.0","NaN","1","1","0"
"422","909.0","29.0","8.0","A00027008","Eng oil leaking (LUB SYS) A00027008","0.0","30.0","NaN","1.0","NaN","0","1","0"
"423","909.0","29.0","9.0","A00027009","Eng oil pressure low (LUB SYS) A00027009","0.0","30.0","NaN","1.0","NaN","1","1","0"
"424","909.0","29.0","10.0","A00027010","Eng oil pump drive shaft bkn (LUB SYS) A00027010","0.0","30.0","NaN","1.0","NaN","1","1","0"
"425","909.0","29.0","11.0","A00027011","Eng oil seal leaking from crank shaft end (LUB SYS) A00027011","0.0","30.0","NaN","1.0","NaN","0","1","0"
"426","909.0","29.0","12.0","A00027012","High oil consumption (LUB SYS) A00027012","0.0","30.0","NaN","1.0","NaN","0","1","0"
"427","909.0","29.0","13.0","A00027013","High oil consumption (LUB SYS) A00027013","0.0","30.0","NaN","1.0","NaN","0","1","1"
"428","909.0","29.0","14.0","A00027014","Hose Pipe perished (LUB SYS) A00027014","0.0","30.0","NaN","1.0","NaN","0","1","0"
"429","909.0","29.0","15.0","A00027015","Oil leak from crankshaft endplug  (LUB SYS) A00027015","0.0","30.0","NaN","1.0","NaN","0","1","0"
"430","909.0","29.0","16.0","A00027016","Main Oil Pump N/W (LUB SYS) A00027016","0.0","30.0","NaN","1.0","NaN","1","1","0"
"431","909.0","29.0","17.0","A00027017","Main Oil tank leaking  (LUB SYS) A00027017","0.0","30.0","NaN","1.0","NaN","0","1","0"
"432","909.0","29.0","18.0","A00027018","Oil filter dirty (LUB SYS) A00027018","0.0","30.0","NaN","1.0","NaN","0","1","0"
"433","909.0","30.0","1.0","A00028001","Ancy Work (MISC TASKS) A00028001","0.0","30.0","NaN","1.0","NaN","0","1","0"
"434","909.0","30.0","2.0","A00028002","Documentation  (MISC TASKS) A00028002","0.0","30.0","NaN","1.0","NaN","0","1","0"
"435","909.0","30.0","3.0","A00028003","Cable Faulty (MISC TASKS) A00028003","0.0","30.0","NaN","1.0","NaN","0","1","0"
"436","909.0","30.0","4.0","A00028004","Oil Change Due (MISC TASKS) A00028004","0.0","30.0","NaN","1.0","NaN","0","1","0"
"437","909.0","30.0","5.0","A00028005","Misc Repairs (MISC TASKS) A00028005","0.0","30.0","NaN","1.0","NaN","0","1","0"
"438","909.0","30.0","6.0","A00028006","Series Exam carried out (MISC TASKS) A00028006","0.0","30.0","NaN","1.0","NaN","0","1","0"
"439","909.0","30.0","7.0","A00028007","Supervision (MISC TASKS) A00028007","0.0","30.0","NaN","1.0","NaN","0","1","0"
"440","909.0","30.0","8.0","A00028008","TM-I maint task due  (MISC TASKS) A00028008","72.0","30.0","NaN","3.0","NaN","0","2","0"
"441","909.0","30.0","9.0","A00028009","TM-II maint task due (MISC TASKS) A00028009","72.0","30.0","NaN","3.0","NaN","0","2","0"
"442","909.0","31.0","1.0","A00029001","Cdr cupola traverse hard  (MISC_ARMT) A00029001","0.0","30.0","NaN","1.0","NaN","0","1","0"
"443","909.0","31.0","2.0","A00029002","Cdr cupola N/W  (MISC_ARMT) A00029002","0.0","30.0","NaN","1.0","NaN","0","1","0"
"444","909.0","31.0","3.0","A00029003","Gnr cupola traverse hard  (MISC_ARMT) A00029003","0.0","30.0","NaN","1.0","NaN","0","1","0"
"445","909.0","31.0","4.0","A00029004","After Firing Check (MISC_ARMT) A00029004","0.0","30.0","NaN","1.0","NaN","0","1","0"
"446","909.0","31.0","5.0","A00029005","Pre Firing Insp Check  (MISC_ARMT) A00029005","0.0","30.0","NaN","1.0","NaN","0","2","0"
"447","909.0","31.0","6.0","A00029006","Mantlet Cover Seal UNSV  (MISC_ARMT) A00029006","0.0","30.0","NaN","1.0","NaN","0","1","0"
"448","909.0","31.0","7.0","A00029007","Mantlet cover torn (MISC_ARMT) A00029007","0.0","30.0","NaN","1.0","NaN","0","1","0"
"449","909.0","31.0","8.0","A00029008","Mis Fire during Fd Firing (MISC_ARMT) A00029008","0.0","30.0","NaN","1.0","NaN","0","1","0"
"450","909.0","31.0","9.0","A00029009","SI (Strip Inspection)Carried Out  (MISC_ARMT) A00029009","0.0","30.0","NaN","1.0","NaN","0","2","0"
"451","909.0","31.0","10.0","A00029010","Retainer bkn (MISC_ARMT) A00029010","0.0","30.0","NaN","1.0","NaN","0","1","0"
"452","909.0","31.0","11.0","A00029011","Barrel removed and New Fitted  (MISC_ARMT) A00029011","12.0","30.0","NaN","3.0","NaN","0","1","0"
"453","909.0","31.0","12.0","A00029012","Smoke Generator Eqpt N/W (MISC_ARMT) A00029012","0.0","30.0","NaN","1.0","NaN","0","1","0"
"454","909.0","32.0","1.0","A00030001","Dvr emergency hatch seal perished (MISC_AUTO) A00030001","0.0","30.0","NaN","1.0","NaN","0","1","0"
"455","909.0","32.0","2.0","A00030002","KMT-6 mine plough supporting arm bkn (MISC_AUTO) A00030002","0.0","30.0","NaN","1.0","NaN","0","1","0"
"456","909.0","32.0","3.0","A00030003","Lt side mine plough base plate hole not aligned  (MISC_AUTO) A00030003","0.0","30.0","NaN","1.0","NaN","0","1","0"
"457","909.0","32.0","4.0","A00030004","Smoke generating eqpt N/W (MISC_AUTO) A00030004","0.0","30.0","NaN","1.0","NaN","0","1","0"
"458","909.0","32.0","5.0","A00030005","Smoke sys defective (MISC_AUTO) A00030005","0.0","30.0","NaN","1.0","NaN","0","1","0"
"459","909.0","33.0","1.0","A00031001","IR light filter glass bkn (MISC_ELECT) A00031001","0.0","30.0","NaN","1.0","NaN","0","1","0"
"460","909.0","33.0","2.0","A00031002","Dynamo N/W  (MISC_ELECT) A00031002","0.0","30.0","NaN","1.0","NaN","0","1","0"
"461","909.0","33.0","3.0","A00031003","Dynamo armature shaft Bkn (MISC_ELECT) A00031003","0.0","30.0","NaN","1.0","NaN","0","1","0"
"462","909.0","33.0","4.0","A00031004","Lamp TN-28-10 UNSV (MISC_ELECT) A00031004","0.0","30.0","NaN","1.0","NaN","0","1","0"
"463","909.0","33.0","5.0","A00031005","All Lights reqd to be checked  (MISC_ELECT) A00031005","0.0","30.0","NaN","1.0","NaN","0","1","0"
"464","909.0","33.0","6.0","A00031006","Internal Wiring Faulty  (MISC_ELECT) A00031006","0.0","30.0","NaN","1.0","NaN","0","1","0"
"465","909.0","33.0","7.0","A00031007","Socket Bkn (MISC_ELECT) A00031007","0.0","30.0","NaN","1.0","NaN","0","1","0"
"466","909.0","33.0","8.0","A00031008","Main Switch N/W (MISC_ELECT) A00031008","0.0","30.0","NaN","1.0","NaN","0","1","0"
"467","909.0","33.0","9.0","A00031009","Wiper N/W (MISC_ELECT) A00031009","0.0","30.0","NaN","1.0","NaN","0","1","0"
"468","909.0","33.0","10.0","A00031010","Wire loom short (MISC_ELECT) A00031010","0.0","30.0","NaN","1.0","NaN","0","1","0"
"469","909.0","33.0","11.0","A00031011","Reticule illumination lamp of 1G46 not glowing (MISC_ELECT) A00031011","0.0","30.0","NaN","1.0","NaN","0","1","0"
"470","909.0","34.0","1.0","A00032001","After cooling initialising show the MSS off (MISC_FCS) A00032001","0.0","30.0","NaN","1.0","NaN","0","1","0"
"471","909.0","34.0","2.0","A00032002","Bore sight not aligned (MISC_FCS) A00032002","0.0","30.0","NaN","1.0","NaN","0","1","0"
"472","909.0","34.0","3.0","A00032003","CDR VVD N/W  (MISC_FCS) A00032003","0.0","30.0","NaN","1.0","NaN","0","1","0"
"473","909.0","34.0","4.0","A00032004","Elevating hand wheel firing cct N/W  (MISC_FCS) A00032004","0.0","30.0","NaN","1.0","NaN","0","1","0"
"474","909.0","34.0","5.0","A00032005","Firing cct N/W (MISC_FCS) A00032005","0.0","30.0","NaN","1.0","NaN","0","1","0"
"475","909.0","34.0","6.0","A00032006","Firing electromagnet faulty  (MISC_FCS) A00032006","0.0","30.0","NaN","1.0","NaN","0","1","0"
"476","909.0","34.0","7.0","A00032007","High drift laying mark of gnr sight 1G46  (MISC_FCS) A00032007","0.0","30.0","NaN","1.0","NaN","0","1","0"
"477","909.0","34.0","8.0","A00032008","High drift rate in  TKN 4S  (MISC_FCS) A00032008","0.0","30.0","NaN","1.0","NaN","0","1","0"
"478","909.0","34.0","9.0","A00032009","Horizontal stripes appear in both VVDs  (MISC_FCS) A00032009","0.0","30.0","NaN","1.0","NaN","0","1","0"
"479","909.0","34.0","10.0","A00032010","Image blinking in both VVD  (MISC_FCS) A00032010","0.0","30.0","NaN","1.0","NaN","0","1","0"
"480","909.0","34.0","11.0","A00032011","KK contact faulty (MISC_FCS) A00032011","0.0","30.0","NaN","1.0","NaN","0","1","0"
"481","909.0","34.0","12.0","A00032012","LRF  N/W  (MISC_FCS) A00032012","0.0","30.0","NaN","1.0","NaN","0","1","0"
"482","909.0","34.0","13.0","A00032013","LRF shows the improper range (MISC_FCS) A00032013","0.0","30.0","NaN","1.0","NaN","0","1","0"
"483","909.0","34.0","14.0","A00032014","Machine Gun Not firing  (MISC_FCS) A00032014","0.0","30.0","NaN","1.0","NaN","0","1","0"
"484","909.0","34.0","15.0","A00032015","Master arrow of sight 1G 46 automatically moves down & left non zeroing tank after 8 years (MISC_FCS) A00032015","0.0","30.0","NaN","1.0","NaN","0","1","0"
"485","909.0","34.0","16.0","A00032016","Mirror unit defective  (MISC_FCS) A00032016","0.0","30.0","NaN","1.0","NaN","0","1","0"
"486","909.0","34.0","17.0","A00032017","Night channel of TKN-4S N/W (MISC_FCS) A00032017","0.0","30.0","NaN","1.0","NaN","0","1","0"
"487","909.0","34.0","18.0","A00032018","Night graticule not visible (MISC_FCS) A00032018","0.0","30.0","NaN","1.0","NaN","0","1","0"
"488","909.0","34.0","19.0","A00032019","No display in cdr's VVD  (MISC_FCS) A00032019","0.0","30.0","NaN","1.0","NaN","0","1","0"
"489","909.0","34.0","20.0","A00032020","Range not displayed in 1G46 (MISC_FCS) A00032020","0.0","30.0","NaN","1.0","NaN","0","1","0"
"490","909.0","34.0","21.0","A00032021","Sight TPD-K1 faulty   (MISC_FCS) A00032021","0.0","30.0","NaN","1.0","NaN","0","1","0"
"491","909.0","34.0","22.0","A00032022","Sight1G46 & mirror unit  N/W  (MISC_FCS) A00032022","0.0","30.0","NaN","1.0","NaN","0","1","0"
"492","909.0","34.0","23.0","A00032023","Traverse hand wheel micro s/w faulty (MISC_FCS) A00032023","0.0","30.0","NaN","1.0","NaN","0","1","0"
"493","909.0","34.0","24.0","A00032024","TI ESSA not aligned with arrow mark of 1G 46 (MISC_FCS) A00032024","0.0","30.0","NaN","1.0","NaN","0","1","0"
"494","909.0","34.0","25.0","A00032025","TI sight not constant with main gun (MISC_FCS) A00032025","0.0","30.0","NaN","1.0","NaN","0","1","0"
"495","909.0","34.0","26.0","A00032026","Traverse hand wheel microswitch faulty (MISC_FCS) A00032026","0.0","30.0","NaN","1.0","NaN","0","1","0"
"496","909.0","34.0","27.0","A00032027","VVD range scale N/W (MISC_FCS) A00032027","0.0","30.0","NaN","1.0","NaN","0","1","0"
"497","909.0","35.0","1.0","A00033001","Poor definition in TNPO-165A  (PERISCOPES) A00033001","0.0","30.0","NaN","1.0","NaN","0","1","0"
"498","909.0","35.0","2.0","A00033002","Periscope not seen clearly (PERISCOPES) A00033002","0.0","30.0","NaN","1.0","NaN","0","1","0"
"499","909.0","36.0","1.0","A00034001","Pre-heater N/W  (PRE-HEATING SYS) A00034001","0.0","30.0","NaN","1.0","NaN","0","1","0"
"500","909.0","36.0","2.0","A00034002","Post cooling, Sys faulty  (PRE-HEATING SYS) A00034002","1.0","30.0","NaN","1.0","NaN","0","1","0"
"501","909.0","37.0","1.0","A00035001","CPU card faulty (R/S-CNR 900M) A00035001","0.0","30.0","NaN","1.0","NaN","0","1","0"
"502","909.0","37.0","2.0","A00035002","No power output, TXMR module faulty (R/S-CNR 900M) A00035002","0.0","30.0","NaN","1.0","NaN","0","1","0"
"503","909.0","37.0","3.0","A00035003","No Commn  (R/S-CNR 900M) A00035003","0.0","30.0","NaN","1.0","NaN","0","1","0"
"504","909.0","37.0","4.0","A00035004","Power sup card faulty (R/S-CNR 900M) A00035004","0.0","30.0","NaN","1.0","NaN","0","1","0"
"505","909.0","37.0","5.0","A00035005","no Intercom commn  (R/S-CNR 900M) A00035005","0.0","30.0","NaN","1.0","NaN","0","1","0"
"506","909.0","37.0","6.0","A00035006","Programming faulty (R/S-CNR 900M) A00035006","0.0","30.0","NaN","1.0","NaN","0","1","0"
"507","909.0","37.0","7.0","A00035007","R/S Fender Plate  (R/S-CNR 900M) A00035007","0.0","30.0","NaN","1.0","NaN","0","1","0"
"508","909.0","37.0","8.0","A00035008","R/S not switching On  (R/S-CNR 900M) A00035008","0.0","30.0","NaN","1.0","NaN","0","1","0"
"509","909.0","37.0","9.0","A00035009","R/S CNR faulty  (R/S-CNR 900M) A00035009","0.0","30.0","NaN","1.0","NaN","0","1","0"
"510","909.0","37.0","10.0","A00035010","Rx fail and Txn Module faulty (R/S-CNR 900M) A00035010","0.0","30.0","NaN","1.0","NaN","0","1","0"
"511","909.0","37.0","11.0","A00035011","Rxn module faulty (R/S-CNR 900M) A00035011","0.0","30.0","NaN","1.0","NaN","0","1","0"
"512","909.0","38.0","1.0","A00036001","Aeration in recoil mechanism (RECOIL SYS) A00036001","0.0","30.0","NaN","1.0","NaN","0","1","0"
"513","909.0","38.0","2.0","A00036002","Back Plate locking pin bkn/bent (RECOIL SYS) A00036002","0.0","30.0","NaN","1.0","NaN","0","1","0"
"514","909.0","38.0","3.0","A00036003","Buffer leaking (RECOIL SYS) A00036003","0.0","30.0","NaN","1.0","NaN","0","1","0"
"515","909.0","38.0","4.0","A00036004","Buffer piston jammed (RECOIL SYS) A00036004","0.0","30.0","NaN","1.0","NaN","0","1","0"
"516","909.0","38.0","5.0","A00036005","Control rod piston damaged (RECOIL SYS) A00036005","0.0","30.0","NaN","1.0","NaN","0","1","0"
"517","909.0","38.0","6.0","A00036006","Fluid leaking fromrecoil buffer (RECOIL SYS) A00036006","0.0","30.0","NaN","1.0","NaN","0","1","0"
"518","909.0","38.0","7.0","A00036007","Guide plate jammed  (RECOIL SYS) A00036007","0.0","30.0","NaN","1.0","NaN","0","1","0"
"519","909.0","38.0","8.0","A00036008","Leakage of recoil fluid from post control piston rod (RECOIL SYS) A00036008","0.0","30.0","NaN","1.0","NaN","0","1","0"
"520","909.0","38.0","9.0","A00036009","Locking nut of control rod bkn (RECOIL SYS) A00036009","0.0","30.0","NaN","1.0","NaN","0","1","0"
"521","909.0","38.0","10.0","A00036010","Long Recoil (RECOIL SYS) A00036010","0.0","30.0","NaN","1.0","NaN","0","1","0"
"522","909.0","38.0","11.0","A00036011","Oil leaking from Rt side upper buffer cyl (RECOIL SYS) A00036011","0.0","30.0","NaN","1.0","NaN","0","1","0"
"523","909.0","38.0","12.0","A00036012","Piston guide ring defective (RECOIL SYS) A00036012","0.0","30.0","NaN","1.0","NaN","0","1","0"
"524","909.0","38.0","13.0","A00036013","Pressure vessel accumulator leaking- (RECOIL SYS) A00036013","0.0","30.0","NaN","1.0","NaN","0","1","0"
"525","909.0","38.0","14.0","A00036014","Recoil brake cyl leaking (RECOIL SYS) A00036014","0.0","30.0","NaN","1.0","NaN","0","1","0"
"526","909.0","38.0","15.0","A00036015","Recoil Spring Weak/bkn  (RECOIL SYS) A00036015","0.0","30.0","NaN","1.0","NaN","0","1","0"
"527","909.0","38.0","16.0","A00036016","Recoil damping mechanism leaking- (RECOIL SYS) A00036016","0.0","30.0","NaN","1.0","NaN","0","1","0"
"528","909.0","38.0","17.0","A00036017","Recoil violent (RECOIL SYS) A00036017","0.0","30.0","NaN","1.0","NaN","0","1","0"
"529","909.0","38.0","18.0","A00036018","Sealing system faulty (RECOIL SYS) A00036018","0.0","30.0","NaN","1.0","NaN","0","1","0"
"530","909.0","39.0","1.0","A00037001","Projectile lock on cassette defective (ROTARY CONVEYOR) A00037001","0.0","30.0","NaN","1.0","NaN","0","1","0"
"531","909.0","39.0","2.0","A00037002","Rotary conveyor locked (ROTARY CONVEYOR) A00037002","0.0","30.0","NaN","1.0","NaN","0","1","0"
"532","909.0","39.0","3.0","A00037003","Rotary conveyor rotating manually (ROTARY CONVEYOR) A00037003","0.0","30.0","NaN","1.0","NaN","0","1","0"
"533","909.0","39.0","4.0","A00037004","Rotary conveyor cassate bend (ROTARY CONVEYOR) A00037004","0.0","30.0","NaN","1.0","NaN","0","1","0"
"534","909.0","39.0","5.0","A00037005","Rotary Conveyor handle free (ROTARY CONVEYOR) A00037005","0.0","30.0","NaN","1.0","NaN","0","1","0"
"535","909.0","39.0","6.0","A00037006","Rotary conveyor jammed (ROTARY CONVEYOR) A00037006","0.0","30.0","NaN","1.0","NaN","0","1","0"
"536","909.0","39.0","7.0","A00037007","Rotary Conveyor N/W- (ROTARY CONVEYOR) A00037007","0.0","30.0","NaN","1.0","NaN","0","1","0"
"537","909.0","39.0","8.0","A00037008","Rotary Conveyor not locked  (ROTARY CONVEYOR) A00037008","0.0","30.0","NaN","1.0","NaN","0","1","0"
"538","909.0","40.0","1.0","A00038001","Alternator faults","2.0","30.0","NaN","1.0","NaN","0","1","0"
"539","909.0","41.0","1.0","A00039001","Linkage adj disturbed","0.0","30.0","NaN","1.0","NaN","0","1","0"
"540","909.0","40.0","2.0","A00038002","D-20 Micro switch thrid W/O","0.0","30.0","NaN","1.0","NaN","0","1","0"
"541","909.0","40.0","3.0","A00038003","Bty low power, not cranking","0.0","30.0","NaN","1.0","NaN","0","1","0"
"542","909.0","41.0","2.0","A00039002","Lt & Rt side stick bkn","0.0","30.0","NaN","1.0","NaN","0","1","0"
"543","909.0","40.0","4.0","A00038004","Elect starting trouble (STARTING SYS) A00038004","0.0","30.0","NaN","1.0","NaN","0","1","0"
"544","909.0","40.0","5.0","A00038005","Master switch short cct (STARTING SYS) A00038005","0.0","30.0","NaN","1.0","NaN","0","1","0"
"545","909.0","40.0","6.0","A00038006","Parking  Ring and spring ring UNSV (STARTING SYS) A00038006","0.0","30.0","NaN","1.0","NaN","0","1","0"
"546","909.0","40.0","7.0","A00038007","Combined Push Button N/W (STARTING SYS) A00038007","0.0","30.0","NaN","1.0","NaN","0","1","0"
"547","909.0","40.0","8.0","A00038008","Self Starter N/W  (STARTING SYS) A00038008","0.0","30.0","NaN","1.0","NaN","0","1","0"
"548","909.0","40.0","9.0","A00038009","Starter Gen N/W (STARTING SYS) A00038009","0.0","30.0","NaN","1.0","NaN","0","1","0"
"549","909.0","40.0","10.0","A00038010","Starting trouble (STARTING SYS) A00038010","0.0","30.0","NaN","1.0","NaN","0","1","0"
"550","909.0","41.0","3.0","A00039003","Lt side stick N/W (STEERING SYS) A00039003","0.0","30.0","NaN","1.0","NaN","0","1","0"
"551","909.0","41.0","4.0","A00039004","Steering Arms/Linkages W/O (STEERING SYS) A00039004","0.0","30.0","NaN","1.0","NaN","0","1","0"
"552","909.0","41.0","5.0","A00039005","Rt side stick N/W (STEERING SYS) A00039005","0.0","30.0","NaN","1.0","NaN","0","1","0"
"553","909.0","42.0","1.0","A00040001","Top Roller leaking  (SUSPENSION SYS) A00040001","0.0","30.0","NaN","1.0","NaN","0","1","0"
"554","909.0","42.0","2.0","A00040002","Caster wheel not op (SUSPENSION SYS) A00040002","0.0","30.0","NaN","1.0","NaN","0","1","0"
"555","909.0","42.0","3.0","A00040003","Shock valve HX 09 defective (SUSPENSION SYS) A00040003","0.0","30.0","NaN","1.0","NaN","0","1","0"
"556","909.0","42.0","4.0","A00040004","Support roller brg W/O (SUSPENSION SYS) A00040004","0.0","30.0","NaN","1.0","NaN","0","1","0"
"557","909.0","42.0","5.0","A00040005","Suspension leaking (SUSPENSION SYS) A00040005","0.0","30.0","NaN","1.0","NaN","0","1","0"
"558","909.0","43.0","1.0","A00041001","2,4&5 Bogie wheel rubber W/O (TRACK AND SUSPENSION SYS) A00041001","0.0","30.0","NaN","1.0","NaN","0","1","0"
"559","909.0","43.0","2.0","A00041002","Boggie wheel Unsv (TRACK AND SUSPENSION SYS) A00041002","0.0","30.0","NaN","1.0","NaN","0","1","0"
"560","909.0","43.0","3.0","A00041003","Idler wheel seal leaking  (TRACK AND SUSPENSION SYS) A00041003","0.0","30.0","NaN","1.0","NaN","0","1","0"
"561","909.0","43.0","4.0","A00041004","Torsion Bar Bkn both Right/Left (TRACK AND SUSPENSION SYS) A00041004","0.0","30.0","NaN","1.0","NaN","1","1","0"
"562","909.0","43.0","5.0","A00041005","Lt Side pulling (TRACK AND SUSPENSION SYS) A00041005","0.0","30.0","NaN","1.0","NaN","0","1","0"
"563","909.0","43.0","6.0","A00041006","RH Bogie wheel seal  leaking  (TRACK AND SUSPENSION SYS) A00041006","0.0","30.0","NaN","1.0","NaN","0","1","0"
"564","909.0","43.0","7.0","A00041007","Rt Side pulling  (TRACK AND SUSPENSION SYS) A00041007","0.0","30.0","NaN","1.0","NaN","0","1","0"
"565","909.0","43.0","8.0","A00041008","Shock absorber UNSV  (TRACK AND SUSPENSION SYS) A00041008","0.0","30.0","NaN","1.0","NaN","0","1","0"
"566","909.0","43.0","9.0","A00041009","Track link W/O (TRACK AND SUSPENSION SYS) A00041009","0.0","30.0","NaN","1.0","NaN","0","1","0"
"567","909.0","43.0","10.0","A00041010","Track pin Bkn  (TRACK AND SUSPENSION SYS) A00041010","0.0","30.0","NaN","1.0","NaN","1","1","0"
"568","909.0","43.0","11.0","A00041011","Track adjustment N/W (TRACK AND SUSPENSION SYS) A00041011","0.0","30.0","NaN","2.0","NaN","0","1","0"
"569","909.0","43.0","12.0","A00041012","Side Flap rest bkn (TRACK AND SUSPENSION SYS) A00041012","0.0","30.0","NaN","1.0","NaN","0","1","0"
"570","909.0","44.0","1.0","A00042001","Turret Traverse Mechanism N/W (TRAVERSING GEAR) A00042001","0.0","30.0","NaN","1.0","NaN","0","1","0"
"571","909.0","44.0","2.0","A00042002","Traverse mech hard (TRAVERSING GEAR) A00042002","0.0","30.0","NaN","1.0","NaN","0","1","0"
"572","909.0","45.0","1.0","A00043001","7 Gear LH pulling - (TXN SYS) A00043001","0.0","30.0","NaN","1.0","NaN","0","1","0"
"573","909.0","45.0","2.0","A00043002","Axle arm bkn (TXN SYS) A00043002","0.0","30.0","NaN","1.0","NaN","1","1","0"
"574","909.0","45.0","3.0","A00043003","Axle arm suspension base excessive play (TXN SYS) A00043003","0.0","30.0","NaN","1.0","NaN","0","1","0"
"575","909.0","45.0","4.0","A00043004","Axle locking screw W/O  (TXN SYS) A00043004","0.0","30.0","NaN","1.0","NaN","0","1","0"
"576","909.0","45.0","5.0","A00043005","Bevel gear box shaft bkn (TXN SYS) A00043005","0.0","30.0","NaN","1.0","NaN","0","1","0"
"577","909.0","45.0","6.0","A00043006","Bevel gear lubrication line cracked (TXN SYS) A00043006","0.0","30.0","NaN","1.0","NaN","0","1","0"
"578","909.0","45.0","7.0","A00043007","Bevel Gear box seal Perished  (TXN SYS) A00043007","0.0","30.0","NaN","1.0","NaN","0","1","0"
"579","909.0","45.0","8.0","A00043008","Connecting gear box N/W (TXN SYS) A00043008","0.0","30.0","NaN","1.0","NaN","0","1","0"
"580","909.0","45.0","9.0","A00043009","Cone Reduction gear teeth W/O (TXN SYS) A00043009","0.0","30.0","NaN","1.0","NaN","0","1","0"
"581","909.0","45.0","10.0","A00043010","Cyclonic filter blocked (TXN SYS) A00043010","0.0","30.0","NaN","1.0","NaN","1","1","0"
"582","909.0","45.0","11.0","A00043011","Damper pads perished (TXN SYS) A00043011","0.0","30.0","NaN","1.0","NaN","0","1","0"
"583","909.0","45.0","12.0","A00043012","Distr mechanism mounting bolt loose (TXN SYS) A00043012","0.0","30.0","NaN","1.0","NaN","0","1","0"
"584","909.0","45.0","13.0","A00043013","Driving Gear shaft bkn (TXN SYS) A00043013","0.0","30.0","NaN","1.0","NaN","1","1","0"
"585","909.0","45.0","14.0","A00043014","Fan clutch defective (TXN SYS) A00043014","0.0","30.0","NaN","1.0","NaN","0","1","0"
"586","909.0","45.0","15.0","A00043015","Fan clutch lub pipe joint leak (TXN SYS) A00043015","0.0","30.0","NaN","1.0","NaN","0","1","0"
"587","909.0","45.0","16.0","A00043016","Hose Pipe perished (TXN SYS) A00043016","0.0","30.0","NaN","1.0","NaN","0","1","0"
"588","909.0","45.0","17.0","A00043017","Gear box defective (TXN SYS) A00043017","0.0","30.0","NaN","1.0","NaN","0","1","0"
"589","909.0","45.0","18.0","A00043018","Gear Shifting Hard  (TXN SYS) A00043018","0.0","30.0","NaN","1.0","NaN","0","1","0"
"590","909.0","45.0","19.0","A00043019","Gear box drain plug leak (TXN SYS) A00043019","0.0","30.0","NaN","1.0","NaN","0","1","0"
"591","909.0","45.0","20.0","A00043020","IGB seal leak (TXN SYS) A00043020","0.0","30.0","NaN","1.0","NaN","0","1","0"
"592","909.0","45.0","21.0","A00043021","LHS Gear box defective (TXN SYS) A00043021","0.0","30.0","NaN","1.0","NaN","1","1","0"
"593","909.0","45.0","22.0","A00043022","Lt side final drive shaft bkn (TXN SYS) A00043022","0.0","30.0","NaN","1.0","NaN","1","1","0"
"594","909.0","45.0","23.0","A00043023","Oil Cooler blocked (TXN SYS) A00043023","0.0","30.0","NaN","1.0","NaN","0","1","0"
"595","909.0","45.0","24.0","A00043024","Oil cooler hose perished (TXN SYS) A00043024","0.0","30.0","NaN","1.0","NaN","0","1","0"
"596","909.0","45.0","25.0","A00043025","Oil cooler pipe leaking (TXN SYS) A00043025","0.0","30.0","NaN","1.0","NaN","0","1","0"
"597","909.0","45.0","26.0","A00043026","Oil leaking from support roller (TXN SYS) A00043026","0.0","30.0","NaN","1.0","NaN","0","1","0"
"598","909.0","45.0","27.0","A00043027","Oil leaking from Final drive (TXN SYS) A00043027","0.0","30.0","NaN","1.0","NaN","0","1","0"
"599","909.0","45.0","28.0","A00043028","Oil moisture seperator N/W (TXN SYS) A00043028","0.0","30.0","NaN","1.0","NaN","0","1","0"
"600","909.0","45.0","29.0","A00043029","Oil pipe perished (TXN SYS) A00043029","0.0","30.0","NaN","1.0","NaN","0","1","0"
"601","909.0","45.0","30.0","A00043030","Oil temp sending unit UNSV (TXN SYS) A00043030","0.0","30.0","NaN","1.0","NaN","0","1","0"
"602","909.0","45.0","31.0","A00043031","Pr pump of Lt side gear box faulty (TXN SYS) A00043031","0.0","30.0","NaN","1.0","NaN","1","1","0"
"603","909.0","45.0","32.0","A00043032","Pr Sending unit faulty (TXN SYS) A00043032","0.0","30.0","NaN","1.0","NaN","0","1","0"
"604","909.0","45.0","33.0","A00043033","RH side gear box noisy (TXN SYS) A00043033","0.0","30.0","NaN","1.0","NaN","0","1","0"
"605","909.0","45.0","34.0","A00043034","Reduction gear N/W (TXN SYS) A00043034","0.0","30.0","NaN","1.0","NaN","0","1","0"
"606","909.0","45.0","35.0","A00043035","Reduction gear spring bkn (TXN SYS) A00043035","0.0","30.0","NaN","1.0","NaN","0","1","0"
"607","909.0","45.0","36.0","A00043036","RHS Gear box faulty (TXN SYS) A00043036","0.0","30.0","NaN","1.0","NaN","1","1","0"
"608","909.0","45.0","37.0","A00043037","Scavenging pump of IGB faulty (TXN SYS) A00043037","2.0","30.0","NaN","1.0","NaN","1","1","0"
"609","909.0","45.0","38.0","A00043038","Sprocket teeth W/O (TXN SYS) A00043038","0.0","30.0","NaN","1.0","NaN","0","1","0"
"610","909.0","45.0","39.0","A00043039","Slider damage (TXN SYS) A00043039","0.0","30.0","NaN","1.0","NaN","0","1","0"
"611","909.0","45.0","40.0","A00043040","Slide box defective valve (TXN SYS) A00043040","2.0","30.0","NaN","1.0","NaN","1","1","0"
"612","909.0","45.0","41.0","A00043041","Suction line filter dirty (TXN SYS) A00043041","0.0","30.0","NaN","1.0","NaN","0","1","0"
"613","909.0","45.0","42.0","A00043042","Tank does not steer towards LHS in first gear (TXN SYS) A00043042","0.0","30.0","NaN","1.0","NaN","0","1","0"
"614","909.0","45.0","43.0","A00043043","Tk steers towards LHS without stick op (TXN SYS) A00043043","0.0","30.0","NaN","1.0","NaN","0","1","0"
"615","909.0","45.0","44.0","A00043044","Transmission oil seal perished (TXN SYS) A00043044","0.0","30.0","NaN","1.0","NaN","0","1","0"
"616","909.0","45.0","45.0","A00043045","Tie rod bkn (TXN SYS) A00043045","0.0","30.0","NaN","1.0","NaN","0","1","0"
"617","909.0","45.0","46.0","A00043046","Txn oil high pressure pipe leak (TXN SYS) A00043046","0.0","30.0","NaN","1.0","NaN","1","1","0"
"618","909.0","45.0","47.0","A00043047","Txn oil tk punchered (TXN SYS) A00043047","0.0","30.0","NaN","1.0","NaN","0","1","0"
"619","909.0","46.0","1.0","A00044001","CPU module faulty (VA-9004G) A00044001","0.0","30.0","NaN","1.0","NaN","0","1","0"
"620","909.0","46.0","2.0","A00044002","Data programming faulty (VA-9004G) A00044002","0.0","30.0","NaN","1.0","NaN","0","1","0"
"621","909.0","46.0","3.0","A00044003","INT/AMB card faulty (VA-9004G) A00044003","0.0","30.0","NaN","1.0","NaN","0","1","0"
"622","909.0","46.0","4.0","A00044004","Module TP/PS faulty (VA-9004G) A00044004","0.0","30.0","NaN","1.0","NaN","0","1","0"
"623","909.0","46.0","5.0","A00044005","Power sup card faulty (VA-9004G) A00044005","0.0","30.0","NaN","1.0","NaN","0","1","0"
"624","909.0","46.0","6.0","A00044006","RF cable Faulty  (VA-9004G) A00044006","0.0","30.0","NaN","1.0","NaN","0","1","0"
"625","909.0","46.0","7.0","A00044007","RF lead bkn (VA-9004G) A00044007","0.0","30.0","NaN","1.0","NaN","0","1","0"
"626","909.0","46.0","8.0","A00044008","VA-9004G faulty (VA-9004G) A00044008","0.0","30.0","NaN","1.0","NaN","0","1","0"
"634","405.0","47.0","1.0","A00845001","Cdr sight faulty (CDR SIGHT TKN-3) A00845001","0.0","30.0","NaN","1.0","NaN","0","1","0"
"635","405.0","47.0","2.0","A00845002","Stab of TKN-3 N/W (CDR SIGHT TKN-3) A00845002","0.0","30.0","NaN","1.0","NaN","0","1","0"
"636","405.0","47.0","3.0","A00845003","TKN-3 ni channel N/W (CDR SIGHT TKN-3) A00845003","0.0","30.0","NaN","1.0","NaN","0","1","0"
"637","405.0","47.0","4.0","A00845004","Electric unit of TKN-3 N/W  (CDR SIGHT TKN-3) A00845004","0.0","30.0","NaN","1.0","NaN","0","1","0"
"638","405.0","49.0","1.0","A00847001","Gnr sight faulty (GNR DAY SIGHT     TPD-K1) A00847001","0.0","30.0","NaN","1.0","NaN","0","1","0"
"639","405.0","49.0","2.0","A00847002","Range leak at 800m (GNR DAY SIGHT     TPD-K1) A00847002","0.0","30.0","NaN","1.0","NaN","0","1","0"
"640","405.0","49.0","3.0","A00847003","Zeroing out  (GNR DAY SIGHT     TPD-K1) A00847003","0.0","30.0","NaN","1.0","NaN","0","1","0"
"641","405.0","49.0","4.0","A00847004","Range not shown  (GNR DAY SIGHT     TPD-K1) A00847004","0.0","30.0","NaN","1.0","NaN","0","1","0"
"642","405.0","49.0","5.0","A00847005","Traversing wheel loose  (GNR DAY SIGHT     TPD-K1) A00847005","0.0","30.0","NaN","1.0","NaN","0","1","0"
"643","405.0","49.0","6.0","A00847006","Line of sight not aligned (GNR DAY SIGHT     TPD-K1) A00847006","0.0","30.0","NaN","1.0","NaN","0","1","0"
"644","405.0","49.0","7.0","A00847007","Laser illuminating bulb fuse  (GNR DAY SIGHT     TPD-K1) A00847007","0.0","30.0","NaN","1.0","NaN","0","1","0"
"646","405.0","48.0","1.0","A00846001","Dvr sight N/W (DVR SIGHT TVNE-3PA) A00846001","0.0","30.0","NaN","1.0","NaN","0","1","0"
"647","416.0","56.0","1.0","A01954001","IAH mech N/W (INLET AIR HEATING SYS) A01954001","0.0","30.0","NaN","1.0","NaN","0","1","0"
"648","416.0","56.0","2.0","A01954002","Electric cct in IAH short  (INLET AIR HEATING SYS) A01954002","0.0","30.0","NaN","1.0","NaN","0","1","0"
"649","416.0","60.0","1.0","A01958001","AMGM N/W in vertical plane  (AAMG_FCS) A01958001","0.0","30.0","NaN","1.0","NaN","0","1","0"
"650","416.0","52.0","1.0","A01950001","AAMGM Cable (AAMG_FCS) A01950001","0.0","30.0","NaN","1.0","NaN","0","1","0"
"651","416.0","52.0","2.0","A01950002","AMGM N/W in vertical plane (AAMG_FCS) A01950002","0.0","30.0","NaN","1.0","NaN","0","1","0"
"652","416.0","52.0","3.0","A01950003","BG 29-4S faulty  (AAMG_FCS) A01950003","0.0","30.0","NaN","1.0","NaN","0","1","0"
"653","416.0","52.0","4.0","A01950004","BPV-29 faulty (AAMG_FCS) A01950004","0.0","30.0","NaN","1.0","NaN","0","1","0"
"654","416.0","60.0","2.0","A01958002","BV-29 faulty (AAMG_FCS) A01958002","0.0","30.0","NaN","1.0","NaN","0","1","0"
"655","416.0","60.0","3.0","A01958003","Electric unit faulty (AAMG_FCS) A01958003","0.0","30.0","NaN","1.0","NaN","0","1","0"
"656","416.0","52.0","5.0","A01950005","Power elevation reduction gear assy faulty  (AAMG_FCS) A01950005","0.0","30.0","NaN","1.0","NaN","0","1","0"
"657","416.0","52.0","6.0","A01950006","Transformer 2.5W faulty  (AAMG_FCS) A01950006","0.0","30.0","NaN","1.0","NaN","0","1","0"
"658","416.0","52.0","7.0","A01950007","power elevation of AMGM sys N/W (AAMG_FCS) A01950007","0.0","30.0","NaN","1.0","NaN","0","1","0"
"660","416.0","55.0","1.0","A01953001","Info Unit 9S 516 faulty  (GWS) A01953001","0.0","30.0","NaN","1.0","NaN","0","1","0"
"661","416.0","55.0","2.0","A01953002","K1-M & Voltage Convertor 9S-831 faulty (GWS) A01953002","0.0","30.0","NaN","1.0","NaN","0","1","0"
"662","416.0","55.0","3.0","A01953003","LRF Block of Sight 1G 46 faulty (GWS) A01953003","0.0","30.0","NaN","1.0","NaN","0","1","0"
"664","416.0","55.0","4.0","A01953004","LRF N/W (GWS) A01953004","0.0","30.0","NaN","1.0","NaN","0","1","0"
"665","416.0","55.0","5.0","A01953005","Info Unit Red Sector not Aligned (GWS) A01953005","0.0","30.0","NaN","1.0","NaN","0","1","0"
"668","416.0","55.0","6.0","A01953006","GW firing cct N/W (GWS) A01953006","0.0","30.0","NaN","1.0","NaN","0","1","0"
"669","416.0","55.0","7.0","A01953007","Automatic control unit 9S 517 (GWS) A01953007","0.0","30.0","NaN","1.0","NaN","0","1","0"
"670","416.0","55.0","8.0","A01953008","Msl Complex check faulty  (GWS) A01953008","3.0","30.0","NaN","1.0","NaN","0","1","0"
"671","416.0","55.0","9.0","A01953009","Missile cct N/W (GWS) A01953009","0.0","30.0","NaN","1.0","NaN","0","1","0"
"672","416.0","55.0","10.0","A01953010","msl complex checking faulty (GWS) A01953010","0.0","30.0","repeat","1.0","NaN","0","1","1"
"673","416.0","53.0","1.0","A01951001","Ballistic Cmptr N/W (BALLISTIC COMPTR) A01951001","0.0","30.0","NaN","1.0","NaN","0","1","0"
"675","416.0","53.0","2.0","A01951002","BV-I computer faulty  (BALLISTIC COMPTR) A01951002","0.0","30.0","NaN","1.0","NaN","0","1","0"
"676","416.0","53.0","3.0","A01951003","Wind Sensor faulty  (BALLISTIC COMPTR) A01951003","0.0","30.0","NaN","1.0","NaN","0","1","0"
"677","416.0","53.0","4.0","A01951004","unit BV-II faulty (BALLISTIC COMPTR) A01951004","0.0","30.0","NaN","1.0","NaN","0","1","0"
"678","416.0","53.0","5.0","A01951005","'C' LED remains ON at BV-1, after self test of ballistic comptr. Gun goes down without signal. (BALLISTIC COMPTR) A01951005","0.0","30.0","NaN","1.0","NaN","0","1","0"
"679","416.0","53.0","6.0","A01951006","Switching unit faulty (BALLISTIC COMPTR) A01951006","0.0","30.0","NaN","1.0","NaN","0","1","0"
"682","416.0","59.0","1.0","A01957001","TI  Sight ESSA N/W  (TI  ESSA) A01957001","0.0","30.0","repeat","1.0","NaN","0","1","1"
"683","909.0","59.0","1.0","A00057001","TI  Sight ESSA N/W  (TI  ESSA) A00057001","0.0","30.0","NaN","1.0","NaN","0","1","0"
"684","416.0","59.0","2.0","A01957002","CDR VVD N/W (TI  ESSA) A01957002","0.0","30.0","NaN","1.0","NaN","0","1","0"
"685","416.0","59.0","3.0","A01957003","GNR VVD N/W (TI  ESSA) A01957003","0.0","30.0","NaN","1.0","NaN","0","1","0"
"686","416.0","59.0","4.0","A01957004","TI Camera not switching On (TI  ESSA) A01957004","0.0","30.0","NaN","1.0","NaN","0","1","0"
"687","416.0","59.0","5.0","A01957005","MSS OFF after cooling initialization (TI  ESSA) A01957005","0.0","30.0","NaN","1.0","NaN","0","1","0"
"688","416.0","59.0","6.0","A01957006","TI sight ctrl pannel N/W (TI  ESSA) A01957006","0.0","30.0","NaN","1.0","NaN","0","1","0"
"689","416.0","59.0","7.0","A01957007","Continuous flickering of image of VVD (TI  ESSA) A01957007","0.0","30.0","NaN","1.0","NaN","0","1","0"
"690","416.0","59.0","8.0","A01957008","Cooling initialisation Defect (TI  ESSA) A01957008","0.0","30.0","NaN","1.0","NaN","0","1","0"
"691","416.0","59.0","9.0","A01957009","Control unit defective (TI  ESSA) A01957009","0.0","30.0","NaN","1.0","NaN","0","1","0"
"692","416.0","59.0","10.0","A01957010","Catherine Camera faulty (TI  ESSA) A01957010","0.0","30.0","NaN","1.0","NaN","0","1","0"
"693","416.0","59.0","11.0","A01957011","CDR and GNR VVD not functional (TI  ESSA) A01957011","0.0","30.0","NaN","1.0","NaN","0","1","0"
"694","416.0","59.0","12.0","A01957012","MSS error No-3 and initialisation displays on VVD (TI  ESSA) A01957012","0.0","30.0","NaN","1.0","NaN","0","1","0"
"695","416.0","59.0","13.0","A01957013","TI ESSA  cont unit socket bkn (TI  ESSA) A01957013","0.0","30.0","NaN","1.0","NaN","0","1","0"
"696","416.0","59.0","14.0","A01957014","Screen  flickering (TI  ESSA) A01957014","0.0","30.0","NaN","1.0","NaN","0","1","0"
"697","416.0","59.0","15.0","A01957015","T1 Sight ESSA cooling noisy (TI  ESSA) A01957015","0.0","30.0","NaN","1.0","NaN","0","1","0"
"698","416.0","59.0","16.0","A01957016","1/3 portion of  Image  cut off on both VVD (TI  ESSA) A01957016","0.0","30.0","NaN","1.0","NaN","0","1","0"
"699","416.0","57.0","1.0","A01955001","Cdr sight TKN-4S faulty (PNK 4S) A01955001","0.0","30.0","NaN","1.0","NaN","0","1","0"
"700","416.0","57.0","2.0","A01955002","Stab of TKN 4S N/W (PNK 4S) A01955002","0.0","30.0","NaN","1.0","NaN","0","1","0"
"701","416.0","65.0","1.0","A01963001","TKN 4S ni channel N/W (PNK 4S) A01963001","0.0","30.0","NaN","1.0","NaN","0","1","0"
"702","416.0","57.0","3.0","A01955003","TKN 4S ni channel N/W (PNK 4S) A01955003","0.0","30.0","NaN","1.0","NaN","0","1","0"
"703","416.0","57.0","4.0","A01955004","Electric Unit of TKN-4S N/W (PNK 4S) A01955004","0.0","30.0","NaN","1.0","NaN","0","1","0"
"704","416.0","58.0","1.0","A01956001","LRF Block of Sight 1G 46 N/W (SIGHT 1G46) A01956001","1.0","30.0","NaN","1.0","NaN","0","1","0"
"705","416.0","58.0","2.0","A01956002","Control console of Sight 1G 46 N/W (SIGHT 1G46) A01956002","0.0","30.0","NaN","1.0","NaN","0","1","0"
"706","416.0","58.0","3.0","A01956003","GNR SIGHT 1G46 N/W  (SIGHT 1G46) A01956003","1.0","30.0","NaN","1.0","NaN","0","1","0"
"707","416.0","58.0","4.0","A01956004","Sight Electric Unit of 1G46 faulty (SIGHT 1G46) A01956004","2.0","30.0","NaN","1.0","NaN","0","1","0"
"708","416.0","58.0","5.0","A01956005","Gyro block of 1G 46 faulty  (SIGHT 1G46) A01956005","4.0","30.0","NaN","1.0","NaN","0","1","0"
"709","416.0","54.0","1.0","A01952001","Dvr sight N/W - DVR SIGHT TVN-5  (DVR SIGHT TVN-5) A01952001","0.0","30.0","NaN","1.0","NaN","0","1","0"
"710","319.0","68.0","1.0","A00366001","ATGM cct not working during msl checking (ATGM) A00366001","0.0","30.0","NaN","1.0","NaN","0","1","0"
"711","319.0","68.0","2.0","A00366002","18 pin socket bkn in msl cct operation (ATGM) A00366002","0.0","30.0","NaN","1.0","NaN","0","1","0"
"712","319.0","68.0","3.0","A00366003","Control unit BY faulty (ATGM) A00366003","0.0","30.0","NaN","1.0","NaN","1","1","0"
"713","319.0","68.0","4.0","A00366004","Control handle missile LED not glowing (ATGM) A00366004","0.0","30.0","NaN","1.0","NaN","0","1","0"
"714","319.0","68.0","5.0","A00366005","Start push button faulty (ATGM) A00366005","0.0","30.0","NaN","1.0","NaN","0","1","0"
"715","319.0","68.0","6.0","A00366006","Monitoring unit faulty (ATGM) A00366006","0.0","30.0","NaN","1.0","NaN","0","1","0"
"716","319.0","74.0","1.0","A00372001","Detector unit N/W (NBC) A00372001","0.0","30.0","NaN","1.0","NaN","0","1","0"
"717","319.0","74.0","2.0","A00372002","Relay box KP-40 faulty (NBC) A00372002","0.0","30.0","NaN","1.0","NaN","0","1","0"
"718","319.0","74.0","3.0","A00372003","Gamma Sensor faulty (NBC) A00372003","0.0","30.0","NaN","1.0","NaN","0","1","0"
"719","319.0","74.0","4.0","A00372004","Hatch Electro magnet faulty (NBC) A00372004","0.0","30.0","NaN","1.0","NaN","0","1","0"
"720","319.0","74.0","5.0","A00372005","Blower N/W (NBC) A00372005","0.0","30.0","NaN","1.0","NaN","0","1","0"
"721","319.0","74.0","6.0","A00372006","Blower Electro magnet faulty (NBC) A00372006","0.0","30.0","NaN","1.0","NaN","0","1","0"
"722","319.0","72.0","1.0","A00370001","Gnr sight faulty (Gnr Day cum Night Sight BPK 2-42) A00370001","0.0","30.0","NaN","1.0","NaN","0","1","0"
"723","319.0","72.0","2.0","A00370002","Gnr ni sight image blurred  (Gnr Day cum Night Sight BPK 2-42) A00370002","0.0","30.0","NaN","1.0","NaN","0","1","0"
"724","319.0","72.0","3.0","A00370003","Zeroing out (Gnr Day cum Night Sight BPK 2-42) A00370003","0.0","30.0","NaN","1.0","NaN","0","1","0"
"725","319.0","72.0","4.0","A00370004","Traversing wheel loose (Gnr Day cum Night Sight BPK 2-42) A00370004","0.0","30.0","NaN","1.0","NaN","0","1","0"
"726","319.0","72.0","5.0","A00370005","Line of sight not aligned (Gnr Day cum Night Sight BPK 2-42) A00370005","0.0","30.0","NaN","1.0","NaN","0","1","0"
"727","319.0","73.0","1.0","A00371001","Msl day sight N/W (MSL DAY SIGHT 119SHM1) A00371001","0.0","30.0","NaN","1.0","NaN","0","1","0"
"728","319.0","69.0","1.0","A00367001","Cdr sight 1PZ-3 faulty (CDR SIGHT 1PZ-3) A00367001","0.0","30.0","NaN","1.0","NaN","0","1","0"
"729","319.0","71.0","1.0","A00369001","Dvr ni sight faulty (DVR SIGHT TVNE-4PA) A00369001","0.0","30.0","NaN","1.0","NaN","0","1","0"
"730","319.0","70.0","1.0","A00368001","Poor definition in periscope TNPO (DAY VISION PERISCOPE) A00368001","0.0","30.0","NaN","1.0","NaN","0","1","0"
"731","416.0","61.0","1.0","A01959001","Ballistic Cmptr N/W  (BALLISTIC COMPTR) A01959001","0.0","30.0","NaN","1.0","NaN","0","1","0"
"732","416.0","61.0","2.0","A01959002","BV-I computer faulty  (BALLISTIC COMPTR) A01959002","0.0","30.0","NaN","1.0","NaN","0","1","0"
"733","416.0","61.0","3.0","A01959003","Wind Sensor faulty (BALLISTIC COMPTR) A01959003","0.0","30.0","NaN","1.0","NaN","0","1","0"
"734","416.0","61.0","4.0","A01959004","Unit BV-II faulty  (BALLISTIC COMPTR) A01959004","0.0","30.0","NaN","1.0","NaN","0","1","0"
"735","416.0","61.0","5.0","A01959005","LED remains ON at BV-1 (self test of ballistic comptr). (BALLISTIC COMPTR) A01959005","0.0","30.0","Fault seen after self test of ballistic comptr. Gun goes down without signal.","1.0","NaN","0","1","0"
"736","416.0","61.0","6.0","A01959006","Switching unit faulty (BALLISTIC COMPTR) A01959006","0.0","30.0","NaN","1.0","NaN","0","1","0"
"737","416.0","60.0","4.0","A01958004","AMGM cable fault (AAMG_FCS) A01958004","0.0","30.0","NaN","1.0","NaN","0","1","0"
"738","416.0","60.0","5.0","A01958005","BG 29-4S faulty  (AAMG_FCS) A01958005","2.0","0.0","NaN","1.0","NaN","0","1","0"
"739","416.0","60.0","6.0","A01958006","BPV-29 faulty (AAMG_FCS) A01958006","0.0","30.0","NaN","1.0","NaN","0","1","0"
"740","416.0","60.0","7.0","A01958007","Power elevation reduction gear assy faulty  (AAMG_FCS) A01958007","0.0","30.0","NaN","1.0","NaN","0","1","0"
"741","416.0","60.0","8.0","A01958008","Transformer 2.5W faulty (AAMG_FCS) A01958008","0.0","30.0","NaN","1.0","NaN","0","1","0"
"742","416.0","60.0","9.0","A01958009","Power elevation of AMGM sys N/W (AAMG_FCS) A01958009","0.0","30.0","NaN","1.0","NaN","0","1","0"
"743","910.0","75.0","1.0","B00001001","Air Cleaner Dirty  (AIR) B00001001","0.0","30.0","NaN","1.0","NaN","0","1","0"
"744","910.0","75.0","2.0","B00001002","Air compressor Connecting Rod bend (AIR) B00001002","0.0","30.0","NaN","1.0","NaN","0","1","0"
"745","910.0","75.0","3.0","B00001003","Air Compressor Cracked/leaking (AIR) B00001003","0.0","30.0","NaN","1.0","NaN","0","1","0"
"746","910.0","75.0","4.0","B00001004","Air Compressor gear teeth W/O (AIR) B00001004","0.0","30.0","NaN","1.0","NaN","0","1","0"
"747","910.0","75.0","5.0","B00001005","Air lock (AIR) B00001005","0.0","30.0","NaN","1.0","NaN","0","1","0"
"748","910.0","75.0","6.0","B00001006","Air Pressure Low (AIR) B00001006","0.0","30.0","NaN","1.0","NaN","0","1","0"
"749","910.0","75.0","7.0","B00001007","FLASHER UNIT N/W","0.0","30.0","NaN","1.0","NaN","0","1","0"
"750","910.0","76.0","1.0","B00002001","Air compressor N/W  (BRAKE) B00002001","0.0","30.0","NaN","1.0","NaN","0","1","0"
"751","910.0","76.0","2.0","B00002002","Air leaking from electromagnetic valve  (BRAKE) B00002002","0.0","30.0","NaN","1.0","NaN","0","1","0"
"752","910.0","76.0","3.0","B00002003","Air pressure leaking  (BRAKE) B00002003","0.0","30.0","NaN","1.0","NaN","0","1","0"
"753","910.0","76.0","4.0","B00002004","Brake efficiency poor  (BRAKE) B00002004","0.0","30.0","NaN","1.0","NaN","0","1","0"
"754","910.0","76.0","5.0","B00002005","Parking/Hand brake N/W  (BRAKE) B00002005","0.0","30.0","NaN","1.0","NaN","0","1","0"
"755","910.0","76.0","6.0","B00002006","Wheel wobbling (BRAKE) B00002006","0.0","30.0","NaN","1.0","NaN","0","1","0"
"756","910.0","77.0","1.0","B00003001","Body reqd welding  (CHS & SUS) B00003001","0.0","30.0","NaN","1.0","NaN","0","1","0"
"757","910.0","77.0","2.0","B00003002","Bonnet catch/cable bkn, N/W  (CHS & SUS) B00003002","0.0","30.0","wire broken, catch broken, ","1.0","NaN","0","1","0"
"758","910.0","77.0","3.0","B00003003","Bumper bend/bkn/loose/welding  (CHS & SUS) B00003003","0.0","30.0","NaN","1.0","NaN","0","1","0"
"759","910.0","77.0","4.0","B00003004","Cabin lifting mechanism N/W (CHS & SUS) B00003004","0.0","30.0","NaN","1.0","NaN","0","1","0"
"760","910.0","77.0","5.0","B00003005","Chain sproket W/O  (CHS & SUS) B00003005","0.0","30.0","NaN","1.0","NaN","0","1","0"
"761","910.0","77.0","6.0","B00003006","Chasis rusty (CHS & SUS) B00003006","0.0","30.0","NaN","1.0","NaN","0","1","0"
"762","910.0","77.0","7.0","B00003007","Cross member Cracked  (CHS & SUS) B00003007","0.0","30.0","NaN","1.0","NaN","0","1","0"
"763","910.0","77.0","8.0","B00003008","Door glass bkn (CHS & SUS) B00003008","0.0","30.0","NaN","1.0","NaN","0","1","0"
"764","910.0","77.0","9.0","B00003009","Door glass mechanism N/W   (CHS & SUS) B00003009","0.0","30.0","NaN","1.0","NaN","0","1","0"
"765","910.0","77.0","10.0","B00003010","Door lock N/W (CHS & SUS) B00003010","0.0","30.0","NaN","1.0","NaN","0","1","0"
"766","910.0","77.0","11.0","B00003011","Road spring bkn  (CHS & SUS) B00003011","0.0","30.0","any spring will be included","1.0","NaN","0","1","0"
"767","910.0","77.0","12.0","B00003012","Suspension Weak  (CHS & SUS) B00003012","0.0","30.0","NaN","1.0","NaN","0","1","0"
"768","910.0","77.0","13.0","B00003013","Winch gear defective  (CHS & SUS) B00003013","0.0","30.0","NaN","1.0","NaN","0","1","0"
"769","910.0","78.0","1.0","B00004001","Coolant level low  (COOLING) B00004001","0.0","30.0","NaN","1.0","NaN","0","1","0"
"770","910.0","78.0","2.0","B00004002","Eng Cooling water passages blocked  (COOLING) B00004002","0.0","30.0","NaN","1.0","NaN","0","1","0"
"771","910.0","78.0","3.0","B00004003","Radiator cap UNSV (COOLING) B00004003","0.0","30.0","NaN","1.0","NaN","0","1","0"
"772","910.0","78.0","4.0","B00004004","Radiator hose perished (COOLING) B00004004","0.0","30.0","NaN","1.0","NaN","0","1","0"
"773","910.0","78.0","5.0","B00004005","Radiator leaking (COOLING) B00004005","0.0","30.0","NaN","1.0","NaN","0","1","0"
"774","910.0","78.0","6.0","B00004006","Water tank leaking  (COOLING) B00004006","0.0","30.0","NaN","1.0","NaN","0","1","0"
"775","910.0","78.0","7.0","B00004007","Radiator passages block (COOLING) B00004007","0.0","30.0","NaN","1.0","NaN","0","1","0"
"776","910.0","78.0","8.0","B00004008","Thermostat   N/W (COOLING) B00004008","0.0","30.0","NaN","1.0","NaN","0","1","0"
"777","910.0","78.0","9.0","B00004009","Water pump N/W  (COOLING) B00004009","0.0","30.0","NaN","1.0","NaN","0","1","0"
"778","910.0","79.0","1.0","B00004001","All lights reqd to check  (ELECT) B00005001","0.0","30.0","NaN","1.0","NaN","0","2","0"
"779","910.0","79.0","2.0","B00004002","Alternator N/W (ELECT) B00005002","0.0","30.0","NaN","1.0","NaN","0","1","0"
"780","910.0","79.0","3.0","B00004003","Armature Burnt (ELECT) B00005003","0.0","30.0","NaN","1.0","NaN","0","1","0"
"781","910.0","79.0","4.0","B00004004","Bty Charge low  (ELECT) B00005004","0.0","30.0","NaN","1.0","NaN","0","1","0"
"782","910.0","79.0","5.0","B00004005","Bty container bkn internal short cct - (ELECT) B00005005","1.0","30.0","NaN","1.0","NaN","0","1","0"
"783","910.0","79.0","6.0","B00004006","Bty not charging due to electronic reg fault (ELECT) B00005006","1.0","30.0","NaN","1.0","NaN","0","1","0"
"784","910.0","79.0","7.0","B00004007","Bty not holding charge (ELECT) B00005007","0.0","30.0","NaN","1.0","NaN","0","1","0"
"785","910.0","79.0","8.0","B00004008","Bty over Charge due to electronic regulator faulty  (ELECT) B00005008","2.0","30.0","NaN","1.0","NaN","0","1","0"
"786","910.0","79.0","9.0","B00004009","FOG LIGHT N/W","0.0","30.0","NaN","1.0","NaN","0","1","0"
"787","910.0","79.0","10.0","B00004010","Carburetor needle Valve N/W (ELECT) B00005010","0.0","30.0","NaN","1.0","NaN","0","1","0"
"788","910.0","79.0","11.0","B00004011","Choke mechanism N/W  (ELECT) B00005011","2.0","30.0","NaN","1.0","NaN","0","1","0"
"789","910.0","79.0","12.0","B00004012","ISOLATOR SWITCH N/W  (ELECT) B00005012","1.0","30.0","NaN","1.0","NaN","0","1","0"
"790","910.0","79.0","13.0","B00004013","End Yoke oversized  (ELECT) B00005013","1.0","30.0","NaN","1.0","NaN","0","1","0"
"791","910.0","79.0","14.0","B00004014","Field Coil burnt out (ELECT) B00005014","1.0","30.0","NaN","1.0","NaN","0","1","0"
"792","910.0","79.0","15.0","B00004015","Fuel Pump N/W  (ELECT) B00005015","2.0","30.0","NaN","1.0","NaN","1","1","0"
"793","910.0","79.0","16.0","B00004016","High Tension Cord faulty  (ELECT) B00005016","1.0","30.0","NaN","1.0","NaN","0","1","0"
"794","910.0","79.0","17.0","B00004017","Horn/Siren N/W  (ELECT) B00005017","0.0","30.0","NaN","1.0","NaN","0","1","0"
"795","910.0","79.0","18.0","B00004018","Ign Coil Defective  (ELECT) B00005018","0.0","30.0","NaN","1.0","NaN","0","1","0"
"796","910.0","79.0","19.0","B00004019","REVERSE LIGHT N/W","1.0","30.0","NaN","1.0","NaN","0","1","0"
"797","910.0","79.0","20.0","B00004020","Ign Sys Faulty  (ELECT) B00005020","1.0","30.0","NaN","1.0","NaN","0","1","0"
"798","910.0","79.0","21.0","B00004021","Head light not glowing  (ELECT) B00005021","2.0","0.0","NaN","1.0","NaN","0","1","0"
"799","910.0","79.0","22.0","B00004022","Loom short/perished (ELECT) B00005022","2.0","30.0","all types of loom, wiring related defects, burnt wire, loose loom, insulation worn out","1.0","NaN","0","1","0"
"800","910.0","79.0","23.0","B00004023","Main Switch N/W  (ELECT) B00005023","0.0","30.0","NaN","1.0","NaN","0","1","0"
"801","910.0","79.0","24.0","B00004024","Rotary Switch N/W  (ELECT) B00005024","0.0","30.0","NaN","1.0","NaN","0","1","0"
"802","910.0","79.0","25.0","B00004025","Rotor Assy Burnt  (ELECT) B00005025","2.0","30.0","NaN","1.0","NaN","0","1","0"
"803","910.0","79.0","26.0","B00004026","Self Starter Assy Burnt (ELECT) B00005026","3.0","30.0","NaN","1.0","NaN","1","1","0"
"804","910.0","79.0","27.0","B00004027","Self Starter N/W  (ELECT) B00005027","2.0","30.0","NaN","1.0","NaN","0","1","0"
"805","910.0","79.0","28.0","B00004028","Solenoid N/W  (ELECT) B00004028","1.0","30.0","NaN","1.0","NaN","0","1","0"
"806","910.0","79.0","29.0","B00004029","Spark Plug N/W (ELECT) B00005029","0.0","30.0","NaN","1.0","NaN","0","1","0"
"807","910.0","79.0","30.0","B00004030","Wiper N/W  (ELECT) B00005030","0.0","30.0","NaN","1.0","NaN","0","1","0"
"808","910.0","80.0","1.0","B00006001","Accelerator cable bkn (ENG) B00006001","0.0","30.0","NaN","1.0","NaN","0","1","0"
"809","910.0","80.0","2.0","B00006002","Air lock (ENG) B00006002","0.0","45.0","NaN","1.0","NaN","0","1","0"
"810","910.0","80.0","3.0","B00006003","Big end bearing shells W/O and crank pin scored  (ENG) B00006003","3.0","30.0","NaN","1.0","NaN","0","1","0"
"811","910.0","80.0","4.0","B00006004","Cam shaft Gear wheel teeth W/O (ENG) B00006004","3.0","30.0","NaN","1.0","NaN","0","1","0"
"812","910.0","80.0","5.0","B00006005","Idle Speed Check (ENG) B00006005","0.0","30.0","NaN","1.0","NaN","0","2","0"
"813","910.0","80.0","6.0","B00006006","Compression Poor  (ENG) B00006006","3.0","30.0","NaN","1.0","NaN","0","1","0"
"814","910.0","80.0","7.0","B00006007","Crank Shaft Gear W/O (ENG) B00006007","3.0","30.0","NaN","1.0","NaN","0","1","0"
"815","910.0","80.0","8.0","B00006008","Cyl head cracked  (ENG) B00006008","4.0","30.0","NaN","1.0","NaN","1","1","0"
"816","910.0","80.0","9.0","B00006009","Eng suspected noisy (ENG) B00006009","1.0","30.0","NaN","1.0","NaN","0","1","0"
"817","910.0","80.0","10.0","B00006010","Engine blow by action due to piston ring W/O (ENG) B00006010","3.0","30.0","NaN","1.0","NaN","0","1","0"
"818","910.0","80.0","11.0","B00006011","Engine Knocking  (ENG) B00006011","4.0","30.0","NaN","1.0","NaN","1","1","0"
"819","910.0","80.0","12.0","B00006012","Engine out put Shaft Brg Melted  (ENG) B00006012","10.0","30.0","NaN","1.0","NaN","1","1","0"
"820","910.0","80.0","13.0","B00006013","Engine Overheating  (ENG) B00006013","2.0","30.0","NaN","1.0","NaN","0","1","0"
"821","910.0","80.0","14.0","B00006014","Engine seize (ENG) B00006014","10.0","30.0","NaN","1.0","NaN","1","1","0"
"822","910.0","80.0","15.0","B00006015","Fan belt bkn/noisy/loose/slipping  (ENG) B00006015","1.0","30.0","all fanbelt related problems","1.0","NaN","0","1","0"
"823","910.0","80.0","16.0","B00006016","Gudgeon pin bkn  (ENG) B00006016","0.0","30.0","repeat","1.0","NaN","0","1","1"
"824","910.0","80.0","17.0","B00006017","Eng Oil Dilution  (ENG) B00006017","3.0","30.0","NaN","1.0","NaN","1","1","0"
"825","910.0","80.0","18.0","B00006018","Mounting pad bkn/loose/change (ENG) B00006018","4.0","30.0","NaN","3.0","NaN","0","1","0"
"928","910.0","90.0","39.0","B00016039","Shifter lock Spring Bkn  (TXN) B00016039","0.0","30.0","NaN","1.0","NaN","0","1","0"
"826","910.0","80.0","19.0","B00006019","No 3 & 4 Cyl Inlet valve & exhaust valve push rod bend. (ENG) B00006019","0.0","30.0","NaN","1.0","NaN","0","1","1"
"827","910.0","80.0","20.0","B00006020","OIL FILTER UNSV","1.0","30.0","NaN","1.0","NaN","0","1","1"
"828","910.0","80.0","21.0","B00006021","No 6 & 8 Cyl Inlet valve & exhaust valve push rod bend (ENG) B00006021","0.0","30.0","NaN","1.0","NaN","0","1","1"
"829","910.0","80.0","22.0","B00006022","Rocker arm Not functional (ENG) B00006022","1.0","0.0","NaN","1.0","NaN","0","1","0"
"830","910.0","80.0","23.0","B00006023","Sealing ring W/O (ENG) B00006023","1.0","30.0","NaN","1.0","NaN","0","1","0"
"831","910.0","80.0","24.0","B00006024","Slippage of disk resulting in excessive metal wear  (ENG) B00006024","0.0","30.0","NaN","1.0","NaN","0","1","1"
"832","910.0","80.0","25.0","B00006025","Oil pressure not built-up (ENG) B00006025","2.0","30.0","NaN","1.0","NaN","0","1","0"
"833","910.0","80.0","26.0","B00006026","Water mixed with engine oil (ENG) B00006026","2.0","30.0","NaN","1.0","NaN","0","1","0"
"834","910.0","81.0","1.0","B00007001","Cylinder head over heating due to ERCH N/W (ERCH) B00007001","2.0","30.0","NaN","1.0","NaN","0","1","0"
"835","910.0","82.0","1.0","B00008001","Engine Starting Trouble (FIP) B00008001","1.0","30.0","NaN","1.0","NaN","0","1","0"
"836","910.0","82.0","2.0","B00008002","Pulling Power Weak (FIP) B00008002","2.0","30.0","due to FIP fuel system","1.0","NaN","0","1","0"
"837","910.0","82.0","3.0","B00008003","Injector Nozzle sticky (FIP) B00080003","1.0","30.0","NaN","1.0","NaN","0","1","0"
"838","910.0","83.0","1.0","B00009001","Eng pulling power weak  (FUEL) B00009001","1.0","30.0","NaN","1.0","NaN","0","1","0"
"839","910.0","83.0","2.0","B00009002","Air fuel mixture lean (FUEL) B00009002","0.0","30.0","NaN","1.0","NaN","0","1","0"
"840","910.0","83.0","3.0","B00009003","Carburetor faulty  (FUEL) B00009003","0.0","30.0","NaN","1.0","NaN","0","1","0"
"841","910.0","83.0","4.0","B00009004","Distributor cap crack  (FUEL) B00009004","0.0","30.0","NaN","1.0","NaN","0","1","0"
"842","910.0","83.0","5.0","B00009005","Fuel Filter Choked  (FUEL) B00009005","1.0","30.0","NaN","1.0","NaN","0","1","0"
"843","910.0","83.0","6.0","B00009006","Fuel gauge N/W  (FUEL) B00009006","0.0","30.0","NaN","1.0","NaN","0","1","0"
"844","910.0","83.0","7.0","B00009007","Fuel pump pressure low (FUEL) B00009007","0.0","30.0","NaN","1.0","NaN","0","1","0"
"845","910.0","83.0","8.0","B00009008","Fuel sys clogged (FUEL) B00009008","1.0","30.0","NaN","1.0","NaN","0","1","0"
"846","910.0","83.0","9.0","B00009009","Eng Oil Grade Improper (FUEL) B00009009","0.0","30.0","NaN","1.0","NaN","0","1","0"
"847","910.0","83.0","10.0","B00009010","Lub Oil Level Low (FUEL) B00009010","0.0","30.0","NaN","1.0","NaN","0","1","0"
"848","910.0","83.0","11.0","B00009011","Needle brg W/O (FUEL) B00009011","2.0","30.0","NaN","1.0","NaN","0","1","0"
"849","910.0","83.0","12.0","B00009012","Oil Level Low  (FUEL) B00009012","0.0","30.0","NaN","1.0","NaN","0","1","0"
"850","910.0","84.0","1.0","B00010001","Eng oil pressure low (LUB) B00010001","2.0","30.0","NaN","1.0","NaN","0","1","0"
"851","910.0","84.0","2.0","B00010002","Eng oil change due  (LUB) B00010002","1.0","30.0","NaN","1.0","NaN","0","2","0"
"852","910.0","84.0","3.0","B00010003","Engine oil being thrown out from exhaust manifold (LUB) B00010003","2.0","30.0","oil in exhaust","1.0","NaN","0","1","0"
"853","910.0","84.0","4.0","B00010004","Exhaust valve & Inlet Valve bkn (LUB) B00010004","0.0","30.0","NaN","1.0","NaN","0","1","0"
"854","910.0","84.0","5.0","B00010005","Insufficient Lub in Brg (LUB) B00010005","1.0","0.0","NaN","1.0","NaN","0","1","0"
"855","910.0","84.0","6.0","B00010006","Oil filter Unsv (LUB) B00010006","1.0","30.0","NaN","1.0","NaN","0","1","0"
"856","910.0","84.0","7.0","B00010007","Oil leaking from 1&3 Cyl (LUB) B00010007","0.0","30.0","NaN","1.0","NaN","0","1","1"
"857","910.0","84.0","8.0","B00010008","Oil leaking from No 1 & 8 Cyl Push Rod seal & tappet head cover.  (LUB) B00010008","0.0","30.0","NaN","1.0","NaN","0","1","1"
"858","910.0","84.0","9.0","B00010009","Oil leaking from No 1,2,3,4,6, & 8 cyl push rod seal and tappet head cover. (LUB) B00010009","0.0","30.0","NaN","1.0","NaN","0","1","1"
"859","910.0","84.0","10.0","B00010010","Oil leaking from No 4 Cyl push rod. Oil is also mixing with diesel.  (LUB) B00010010","0.0","30.0","NaN","1.0","NaN","0","1","1"
"860","910.0","84.0","11.0","B00010011","Oil leaking from No 8 Cyl push rod seal and tappet cover. (LUB) B00010011","0.0","30.0","NaN","1.0","NaN","0","1","1"
"861","910.0","84.0","12.0","B00010012","Oil Pump drive gear teeth W/O  (LUB) B00010012","2.0","30.0","NaN","1.0","NaN","0","1","0"
"862","910.0","85.0","1.0","B00011001","Ancy work  (MISC) B00011001","0.0","30.0","NaN","1.0","NaN","0","1","0"
"863","910.0","85.0","2.0","B00011002","Silencer/Muffler box/Catalytic Converter/exhaust pipe leaking/bkn (MISC) B00011002","1.0","30.0","all related defects like loose, hanging, choked will be covered. Problems related to Catalytic convertor or emission control sys are also covered here.","1.0","NaN","0","1","0"
"864","910.0","85.0","3.0","B00011003","Documentation (MISC) B00011003","0.0","30.0","DOCUMENTATION UP TO DATE","1.0","DOCUMENTATION UP TO DATE","0","1","0"
"865","910.0","85.0","4.0","B00011004","Hand grip/Handle perished  (MISC) B00011004","0.0","30.0","NaN","1.0","NaN","0","1","0"
"866","910.0","85.0","5.0","B00011005","Hub greasing due (MISC) B00011005","2.0","30.0","NaN","1.0","NaN","0","2","0"
"867","910.0","85.0","6.0","B00011006","Inspection  (MISC) B00011006","2.0","30.0","NaN","1.0","NaN","0","2","0"
"868","910.0","85.0","7.0","B00011007","KPL test  (MISC) B00011007","1.0","30.0","KPL TEST CARRIED OUT AND VEH ACHIEVED      KMPL VIDE EMERs VG/A 265 NO 1 ISSUE 5 DT MAY 15","1.0","KPL TEST CARRIED OUT AND VEH ACHIEVED      KMPL VIDE EMERs VG/A 265 NO 1 ISSUE 5 DT MAY 15","0","2","0"
"869","910.0","85.0","8.0","B00011008","MISC - Long road test (MISC) B00011008","2.0","30.0","NaN","1.0","NaN","0","1","0"
"870","910.0","85.0","9.0","B00011009","Misc Repair (MISC) B00011009","0.0","30.0","NaN","1.0","NaN","0","1","0"
"871","910.0","85.0","10.0","B00011010","Modification  (MISC) B00011010","6.0","30.0","NaN","1.0","NaN","0","1","0"
"872","910.0","85.0","11.0","B00011011","Other Defect  (MISC) B00011011","0.0","30.0","NaN","1.0","NaN","0","1","0"
"873","910.0","85.0","12.0","B00011012","Other Defect  (MISC) B00011012","0.0","30.0","repeat","1.0","NaN","0","1","1"
"874","910.0","85.0","13.0","B00011013","POLLUTION CHECK (MISC) B00011013","2.0","30.0","NaN","1.0","NaN","0","1","0"
"875","910.0","85.0","14.0","B00011014","Wind screen glass bkn/cracked  (MISC) B00011014","2.0","30.0","NaN","1.0","NaN","0","1","0"
"876","910.0","86.0","1.0","B00012001","Air passage blocked due to bending of hose (PNEUMATIC SYS) B00012001","1.0","30.0","NaN","1.0","NaN","0","1","0"
"877","910.0","86.0","2.0","B00012002","Pneumatic Sys faulty (PNEUMATIC SYS) B00012002","2.0","30.0","NaN","1.0","NaN","0","1","0"
"878","910.0","86.0","3.0","B00012003","Blocking valve thread W/O (PNEUMATIC SYS) B00012003","2.0","30.0","NaN","1.0","NaN","0","1","0"
"879","910.0","87.0","1.0","B00013001","Excessive wear of tyres/Wheel Alignment/Toe in/out (STEERING) B00013001","1.0","30.0","caster/ cam adjustment, wheel alignment","1.0","NaN","0","1","0"
"880","910.0","87.0","2.0","B00013002","Steering gear box noisy  (STEERING) B00013002","0.0","30.0","NaN","1.0","NaN","0","1","0"
"881","910.0","87.0","3.0","B00013003","Steering wobbling (STEERING) B00013003","2.0","30.0","NaN","1.0","NaN","0","1","0"
"882","910.0","88.0","1.0","B00014001","Gear box pipe bkn (STEERING BOOSTER) B00014001","1.0","30.0","NaN","1.0","NaN","1","1","0"
"883","910.0","88.0","2.0","B00014002","Pull and Push rod thread W/O (STEERING BOOSTER) B00014002","0.0","30.0","NaN","1.0","NaN","0","1","0"
"884","910.0","88.0","3.0","B00014003","Steering booster N/W (STEERING BOOSTER) B00014003","0.0","30.0","NaN","1.0","NaN","0","1","0"
"885","910.0","88.0","4.0","B00014004","Steering Hard/Excessive free play (STEERING BOOSTER) B00014004","1.0","30.0","NaN","1.0","NaN","0","1","0"
"886","910.0","88.0","5.0","B00014005","Steering hard in slow running & turning condition. (STEERING BOOSTER) B00014005","1.0","30.0","NaN","1.0","NaN","0","1","0"
"887","910.0","88.0","6.0","B00014006","Stg pump gear teeth W/O (STEERING BOOSTER) B00014006","1.0","30.0","NaN","1.0","NaN","0","1","0"
"888","910.0","88.0","7.0","B00014007","Vehicle pulling to a side above certain speed. (STEERING BOOSTER) B00014007","1.0","30.0","sometimes above 50 kmph speed","1.0","NaN","0","1","0"
"889","910.0","89.0","1.0","B00015001","Turbo charger oil leakage  (TURBO CHARGER) B00015001","2.0","30.0","NaN","1.0","NaN","1","1","0"
"890","910.0","90.0","1.0","B00016001","Clutch defective/cable bkn  (TXN) B00016001","0.0","45.0","all problems related to clutch pedal , cable (rusted/loose/play adjustment/broken) are covered","1.0","NaN","0","1","0"
"891","910.0","90.0","2.0","B00016002","4x4 Cable Bkn  (TXN) B00016002","1.0","30.0","NaN","1.0","NaN","0","1","0"
"892","910.0","90.0","3.0","B00016003","4x4 Solinoid Switch N/W  (TXN) B00016003","1.0","30.0","NaN","1.0","NaN","0","1","0"
"893","910.0","90.0","4.0","B00016004","8x8 Gear N/W (TXN) B00016004","3.0","30.0","NaN","1.0","NaN","0","1","0"
"894","910.0","90.0","5.0","B00016005","Accelerator cable bkn  (TXN) B00016005","0.0","30.0","NaN","1.0","NaN","0","1","0"
"895","910.0","90.0","6.0","B00016006","Axle Shaft Bkn (TXN) B00016006","2.0","30.0","NaN","1.0","NaN","1","1","0"
"896","910.0","90.0","7.0","B00016007","Clutch housing output shaft thread W/O (TXN) B00016007","1.0","30.0","NaN","1.0","NaN","0","1","0"
"897","910.0","90.0","8.0","B00016008","Clutch main cyl N/W (TXN) B00016008","2.0","30.0","NaN","1.0","NaN","0","1","0"
"898","910.0","90.0","9.0","B00016009","Clutch Plate Spring Bkn (TXN) B00016009","0.0","30.0","NaN","1.0","NaN","0","1","0"
"899","910.0","90.0","10.0","B00016010","Clutch plate W/O/bkn  (TXN) B00016010","2.0","30.0","NaN","1.0","NaN","0","1","0"
"900","910.0","90.0","11.0","B00016011","Clutch Hard (TXN) B00016011","0.0","30.0","NaN","1.0","NaN","0","1","0"
"901","910.0","90.0","12.0","B00016012","Crown Wheel Misaligned (TXN) B00016012","1.0","30.0","NaN","1.0","NaN","0","1","0"
"902","910.0","90.0","13.0","B00016013","Crown Wheel Teeth  W/O  (TXN) B00016013","3.0","30.0","NaN","1.0","NaN","0","1","0"
"903","910.0","90.0","14.0","B00016014","SPEEDOMETER CABLE UNSV","1.0","30.0","NaN","1.0","NaN","0","1","0"
"904","910.0","90.0","15.0","B00016015","Excessive End play  (TXN) B00016015","1.0","30.0","NaN","1.0","NaN","0","1","0"
"905","910.0","90.0","16.0","B00016016","F/R Axle noisy (TXN) B00016016","2.0","30.0","NaN","1.0","NaN","0","1","0"
"906","910.0","90.0","17.0","B00016017","Gear Engage in neutral position  (TXN) B00016017","2.0","30.0","NaN","1.0","NaN","0","1","0"
"907","910.0","90.0","18.0","B00016018","Gear Teeth Damaged  (TXN) B00016018","2.0","30.0","NaN","1.0","NaN","0","1","0"
"908","910.0","90.0","19.0","B00016019","Hanger yoke bkn  (TXN) B00016019","0.0","30.0","NaN","1.0","NaN","0","1","1"
"909","910.0","90.0","20.0","B00016020","Housing stud Bkn in side the housing  (TXN) B00016020","1.0","30.0","NaN","1.0","NaN","0","1","0"
"910","910.0","90.0","21.0","B00016021","Hub brg W/O (TXN) B00016021","1.0","30.0","NaN","1.0","NaN","0","1","0"
"911","910.0","90.0","22.0","B00016022","Hub Catch Plate W/O  (TXN) B00016022","1.0","30.0","NaN","1.0","NaN","0","1","0"
"912","910.0","90.0","23.0","B00016023","Hub plate mtg bolt Bkn (TXN) B00016023","0.0","30.0","NaN","1.0","NaN","0","1","0"
"913","910.0","90.0","24.0","B00016024","Hub Seal W/O  (TXN) B00016024","1.0","30.0","NaN","1.0","NaN","0","1","0"
"914","910.0","90.0","25.0","B00016025","Improper alignment of Gear Box (TXN) B00016025","0.0","30.0","NaN","1.0","NaN","0","1","0"
"915","910.0","90.0","26.0","B00016026","Km head N/W  (TXN) B00016026","0.0","30.0","NaN","1.0","NaN","0","1","0"
"916","910.0","90.0","27.0","B00016027","Main gear box noisy (TXN) B00016027","1.0","30.0","NaN","1.0","NaN","0","1","0"
"917","910.0","90.0","28.0","B00016028","Main Shaft Brg W/O (TXN) B00016028","1.0","30.0","NaN","1.0","NaN","0","1","0"
"918","910.0","90.0","29.0","B00016029","GEAR SHIFITING HARD (TXN) B00016029","2.0","30.0","NaN","1.0","NaN","0","1","0"
"919","910.0","90.0","30.0","B00016030","Oil Seal leaking (TXN) B00016030","1.0","0.0","NaN","1.0","NaN","0","1","0"
"920","910.0","90.0","31.0","B00016031","Out Put Shaft Brg melted (TXN) B00016031","2.0","30.0","NaN","1.0","NaN","0","1","0"
"921","910.0","90.0","32.0","B00016032","Pilot Brg W/O  (TXN) B00016032","2.0","30.0","NaN","1.0","NaN","0","1","0"
"922","910.0","90.0","33.0","B00016033","Pressure Pad Bkn  (TXN) B00016033","1.0","30.0","NaN","1.0","NaN","0","1","0"
"923","910.0","90.0","34.0","B00016034","Pressure plate weak  (TXN) B00016034","1.0","30.0","NaN","1.0","NaN","0","1","0"
"924","910.0","90.0","35.0","B00016035","Propeller Shaft Universal Joint brg W/O  (TXN) B00016035","1.0","0.0","incl bearing problems, nuts worn out, loose","1.0","NaN","0","1","0"
"925","910.0","90.0","36.0","B00016036","Rear axle noisy  (TXN) B00016036","2.0","30.0","NaN","1.0","NaN","0","1","0"
"926","910.0","90.0","37.0","B00016037","Reverse Gear Shaft Bkn (TXN) B00016037","2.0","30.0","NaN","1.0","NaN","0","1","0"
"927","910.0","90.0","38.0","B00016038","Shifter Fork bent W/O (TXN) B00016038","1.0","30.0","NaN","1.0","NaN","0","1","0"
"929","910.0","90.0","40.0","B00016040","Sound from gearbox when veh in motion  (TXN) B00016040","2.0","30.0","problems related to gearbox when on move","1.0","NaN","0","1","0"
"930","910.0","90.0","41.0","B00016041","Spider brg W/O  (TXN) B00016041","1.0","30.0","NaN","1.0","NaN","0","1","0"
"931","910.0","90.0","42.0","B00016042","Synchronizer ring W/O  (TXN) B00016042","1.0","0.0","NaN","1.0","NaN","0","1","0"
"932","910.0","90.0","43.0","B00016043","Transfer case noisy (TXN) B00016043","1.0","0.0","NaN","1.0","NaN","0","1","0"
"933","910.0","90.0","44.0","B00016044","Transfer gear box not Engaging (TXN) B00016044","2.0","30.0","NaN","1.0","NaN","0","1","0"
"934","910.0","90.0","45.0","B00016045","Transmission oil change due  (TXN) B00016045","1.0","30.0","NaN","1.0","NaN","0","2","0"
"935","910.0","90.0","46.0","B00016046","Transmission Oil Cooler leaking/bkn/loose (TXN) B00016046","0.0","30.0","NaN","1.0","NaN","0","1","0"
"936","910.0","91.0","1.0","B00017001","Through cut (WHEEL) B00017001","1.0","30.0","NaN","1.0","NaN","0","1","0"
"937","910.0","91.0","2.0","B00017002","Cover outer bursted (WHEEL) B00017002","1.0","30.0","NaN","1.0","NaN","0","1","0"
"938","910.0","91.0","3.0","B00017003","Tube bulge (WHEEL) B00017003","1.0","30.0","NaN","1.0","NaN","0","1","0"
"939","910.0","91.0","4.0","B00017004","Tube bursted (WHEEL) B00017004","1.0","30.0","NaN","1.0","NaN","0","1","0"
"940","910.0","92.0","1.0","B00018001","Oil leaking from wheel assy (Wheel Drum) B00018001","0.0","30.0","NaN","1.0","NaN","0","1","0"
"941","910.0","92.0","2.0","B00018002","The wheel axle is not rotating freely (WHEEL DRUM) B00018002","0.0","30.0","Resulting in heavy wear in tyre","1.0","NaN","0","1","0"
"942","910.0","92.0","3.0","B00018003","Wheel drum assy bkn (WHEEL DRUM) B00018003","2.0","30.0","NaN","1.0","NaN","1","1","0"
"943","911.0","93.0","1.0","C00001001","Brake efficiency poor (BRAKE) C00001001","0.0","30.0","NaN","1.0","NaN","0","1","0"
"944","911.0","93.0","2.0","C00001002","Digital Meter not work","0.0","30.0","NaN","1.0","NaN","0","1","0"
"945","911.0","94.0","1.0","C00002001","Clutch defective, N/W (CLUTCH) C00002001","0.0","30.0","NaN","1.0","NaN","0","1","0"
"946","911.0","94.0","2.0","C00002002","Gear shifting hard (CLUTCH) C00002002","0.0","30.0","NaN","1.0","NaN","0","1","0"
"947","911.0","94.0","3.0","C00002003","Excessive play in Clutch pedal (CLUTCH) C00002003","0.0","30.0","NaN","1.0","NaN","0","1","0"
"948","911.0","96.0","1.0","C00004001","Alternator N/W (ELECT SYS) C00004001","0.0","30.0","NaN","1.0","NaN","0","1","0"
"949","911.0","96.0","2.0","C00004002","All lights to be checked (ELECT SYS) C00004002","0.0","30.0","NaN","1.0","NaN","0","1","0"
"950","911.0","96.0","3.0","C00004003","Horn N/W (ELECT SYS) C00004003","0.0","30.0","NaN","1.0","NaN","0","1","0"
"951","911.0","96.0","4.0","C00004004","Wiper N/W (ELECT SYS) C00004004","0.0","30.0","NaN","1.0","NaN","0","1","0"
"952","911.0","96.0","5.0","C00004005","Solenoid switch N/W (ELECT SYS) C00004005","0.0","30.0","NaN","1.0","NaN","0","1","0"
"953","911.0","96.0","6.0","C00004006","Panel board gauges N/W (ELECT SYS) C00004006","0.0","30.0","NaN","1.0","NaN","0","1","0"
"954","911.0","96.0","7.0","C00004007","Boom light N/W (ELECT SYS) C00004007","0.0","30.0","NaN","1.0","NaN","0","1","0"
"955","911.0","96.0","8.0","C00004008","Hrs meter N/W","1.0","30.0","NaN","1.0","NaN","0","1","0"
"956","911.0","96.0","9.0","C00004009","Self Starter N/W (ELECT SYS) C00004009","0.0","30.0","NaN","1.0","NaN","0","1","0"
"957","911.0","97.0","1.0","C00005001","Starting trouble (ENG) C00005001","0.0","30.0","NaN","1.0","NaN","0","1","0"
"958","911.0","97.0","2.0","C00005002","Pulling power weak (ENG) C00005002","0.0","30.0","NaN","1.0","NaN","0","1","0"
"959","911.0","97.0","3.0","C00005003","Eng overheating (ENG) C00005003","0.0","30.0","NaN","1.0","NaN","0","1","0"
"960","911.0","97.0","4.0","C00005004","ENG KNOCKING  (ENG) C00005004","5.0","30.0","NaN","1.0","NaN","1","1","0"
"961","911.0","98.0","1.0","C00006001","Eng airlocked (FUEL) C00006001","0.0","30.0","NaN","1.0","NaN","0","1","0"
"962","911.0","98.0","2.0","C00006002","Fuel system faulty (FUEL) C00006002","0.0","30.0","NaN","1.0","NaN","0","1","0"
"963","911.0","98.0","3.0","C00006003","FIP N/W (FUEL) C00006003","0.0","30.0","NaN","1.0","NaN","0","1","0"
"964","911.0","98.0","4.0","C00006004","Injector N/W (FUEL) C00006004","0.0","30.0","NaN","1.0","NaN","0","1","0"
"965","911.0","98.0","5.0","C00006005","Fuel hose perished (FUEL) C00006005","0.0","30.0","NaN","1.0","NaN","0","1","0"
"966","911.0","98.0","6.0","C00006006","Fuel gauge N/W (FUEL) C00006006","0.0","30.0","NaN","1.0","NaN","0","1","0"
"967","911.0","98.0","7.0","C00006007","Air filter choked/blocked (FUEL) C00006007","0.0","30.0","NaN","1.0","NaN","0","1","0"
"968","911.0","99.0","1.0","C00007001","Hydraulic pump N/W (HYD SYS) C00007001","0.0","30.0","NaN","1.0","NaN","0","1","0"
"969","911.0","99.0","2.0","C00007002","Reversal unit N/W (HYD SYS) C00007002","0.0","30.0","NaN","1.0","NaN","0","1","0"
"970","911.0","99.0","3.0","C00007003","Torque converter N/W (HYD SYS) C00007003","0.0","30.0","NaN","1.0","NaN","0","1","0"
"971","911.0","99.0","4.0","C00007004","Suspension arms N/W (HYD SYS) C00007004","0.0","30.0","NaN","1.0","NaN","0","1","0"
"972","911.0","100.0","1.0","C00008001","Oil pressure low (LUB) C00008001","0.0","30.0","NaN","1.0","NaN","0","1","0"
"973","911.0","100.0","2.0","C00008002","Oil change due (LUB) C00008002","0.0","30.0","NaN","1.0","NaN","0","1","0"
"974","911.0","100.0","3.0","C00008003","Hydraulic hose perished (LUB) C00008003","0.0","30.0","NaN","1.0","NaN","0","1","0"
"975","911.0","101.0","1.0","C00009001","Spedometer cable Bkn","1.0","30.0","NaN","1.0","NaN","0","1","0"
"976","911.0","101.0","2.0","C00009002","TM Task-II due (MISC) C00009002","0.0","30.0","NaN","1.0","NaN","0","1","0"
"977","911.0","101.0","3.0","C00009003","Intensive Preventive Maintance ","2.0","30.0","NaN","2.0","NaN","0","2","0"
"978","911.0","101.0","4.0","C00009004","Supervision (MISC) C00009004","0.0","30.0","NaN","1.0","NaN","0","1","0"
"979","911.0","101.0","5.0","C00009005","HPL TEST","1.0","30.0","NaN","1.0","NaN","0","1","0"
"980","911.0","101.0","6.0","C00009006","Ancy work (MISC) C00009006","0.0","30.0","NaN","1.0","NaN","0","1","0"
"981","911.0","101.0","7.0","C00009007","Misc Repair (MISC) C00009007","0.0","30.0","NaN","1.0","NaN","0","1","0"
"982","911.0","102.0","1.0","C00010001","Transmission oil change due (TXN) C00010001","0.0","30.0","NaN","1.0","NaN","0","1","0"
"983","911.0","102.0","2.0","C00010002","Gear box noisy (TXN) C00010002","0.0","30.0","NaN","1.0","NaN","0","1","0"
"984","911.0","102.0","3.0","C00010003","Transmission noisy (TXN) C00010003","0.0","30.0","NaN","1.0","NaN","0","1","0"
"985","911.0","102.0","4.0","C00010004","Wheel brg W/O (TXN) C00010004","0.0","30.0","NaN","1.0","NaN","0","1","0"
"986","911.0","102.0","5.0","C00010005","Hub seal leaking (TXN) C00010005","0.0","30.0","NaN","1.0","NaN","0","1","0"
"987","911.0","102.0","6.0","C00010006","Spider brg W/O (TXN) C00010006","0.0","30.0","NaN","1.0","NaN","0","1","0"
"988","911.0","95.0","1.0","C00003001","Radiator leaking (COOLING SYS) C00003001","0.0","30.0","NaN","1.0","NaN","0","1","0"
"989","911.0","95.0","2.0","C00003002","Radiator hose perished (COOLING SYS) C00003002","0.0","30.0","NaN","1.0","NaN","0","1","0"
"990","911.0","95.0","3.0","C00003003","Water pump noisy/leaking (COOLING SYS) C00003003","0.0","30.0","NaN","1.0","NaN","0","1","0"
"991","911.0","95.0","4.0","C00003004","Oil cooler leaking (COOLING SYS) C00003004","0.0","30.0","loose, bkn","1.0","NaN","0","1","0"
"992","911.0","95.0","5.0","C00003005","Fan belt perished (COOLING SYS) C00003005","0.0","30.0","NaN","1.0","NaN","0","1","0"
"993","912.0","103.0","1.0","D00001001","Fan drive assy defective (COOLING SYS) D00001001","0.0","30.0","NaN","1.0","NaN","0","1","0"
"994","912.0","103.0","2.0","D00001002","Water pump N/W (COOLING SYS) D00001002","0.0","30.0","NaN","1.0","NaN","0","1","0"
"995","912.0","103.0","3.0","D00001003","Blower N/W (COOLING SYS) D00001003","0.0","30.0","NaN","1.0","NaN","0","1","0"
"996","912.0","103.0","4.0","D00001004","Air filter clogged (COOLING SYS) D00001004","0.0","30.0","NaN","1.0","NaN","0","1","0"
"997","912.0","103.0","5.0","D00001005","Cooling hose pipe perished (COOLING SYS) D00001005","0.0","30.0","NaN","1.0","NaN","0","1","0"
"998","912.0","103.0","6.0","D00001006","Radiator leaking (COOLING SYS) D00001006","0.0","30.0","NaN","1.0","NaN","0","1","0"
"999","912.0","103.0","7.0","D00001007","Temp sensor unit N/W (COOLING SYS) D00001007","0.0","30.0","NaN","1.0","NaN","0","1","0"
"1000","912.0","103.0","8.0","D00001008","Radiator cap UNSV (COOLING SYS) D00001008","0.0","30.0","NaN","1.0","NaN","0","1","0"
"1001","912.0","104.0","1.0","D00002001","Self Starter N/W (ELECT SYS) D00002001","0.0","30.0","NaN","1.0","NaN","0","1","0"
"1002","912.0","104.0","2.0","D00002002","Alternator N/W (ELECT SYS) D00002002","0.0","30.0","NaN","1.0","NaN","0","1","0"
"1003","912.0","104.0","3.0","D00002003","Hrs meter N/W (ELECT SYS) D00002003","0.0","30.0","NaN","1.0","NaN","0","1","0"
"1004","912.0","104.0","4.0","D00002004","No Output (ELECT SYS) D00002004","0.0","30.0","NaN","1.0","NaN","0","1","0"
"1005","912.0","104.0","5.0","D00002005","Digital Meter Not Work ","0.0","30.0","NaN","1.0","NaN","0","1","0"
"1006","912.0","105.0","1.0","D00003001","Starting trouble (ENG) D00003001","0.0","30.0","NaN","1.0","NaN","0","1","0"
"1007","912.0","105.0","2.0","D00003002","Engine overheating (ENG) D00003002","0.0","30.0","NaN","1.0","NaN","0","1","0"
"1008","912.0","105.0","3.0","D00003003","Tappet cover gasket leaking (ENG) D00003003","0.0","30.0","NaN","1.0","NaN","0","1","0"
"1009","912.0","105.0","4.0","D00003004","Cylinder head gasket leaking (ENG) D00003004","0.0","30.0","NaN","1.0","NaN","0","1","0"
"1010","912.0","105.0","5.0","D00003005","Intensive Preventive Maintainance  (Misc) D00003005","2.0","30.0","NaN","2.0","NaN","0","2","0"
"1011","912.0","105.0","6.0","D00003006","Engine hard cranking (ENG) D00003006","0.0","30.0","NaN","1.0","NaN","0","1","0"
"1012","912.0","105.0","7.0","D00003007","Engine mtg pad bkn (ENG) D00003007","0.0","30.0","NaN","1.0","NaN","0","1","0"
"1013","912.0","105.0","8.0","D00003008","Timing belt perished (ENG) D00003008","0.0","30.0","NaN","1.0","NaN","0","1","0"
"1014","912.0","105.0","9.0","D00003009","Engine oil change due (ENG) D00003009","0.0","30.0","incl engine oil dirty, unfit due to dillution","1.0","NaN","0","1","0"
"1015","912.0","105.0","10.0","D00003010","Oil pressure low (ENG) D00003010","0.0","30.0","NaN","1.0","NaN","0","1","0"
"1016","912.0","106.0","1.0","D00004001","Fuel leaking (FUEL SYS) D00004001","0.0","30.0","NaN","1.0","NaN","0","1","0"
"1017","912.0","106.0","2.0","D00004002","Fuel hose perished (FUEL SYS) D00004002","0.0","30.0","NaN","1.0","NaN","0","1","0"
"1018","912.0","106.0","3.0","D00004003","FIP/rotary pump N/W (FUEL SYS) D00004003","0.0","30.0","NaN","1.0","NaN","0","1","0"
"1019","912.0","106.0","4.0","D00004004","On/Off cock N/W (FUEL SYS) D00004004","0.0","30.0","NaN","1.0","NaN","0","1","0"
"1020","912.0","106.0","5.0","D00004005","Fuel pump N/W (FUEL SYS) D00004005","0.0","30.0","NaN","1.0","NaN","0","1","0"
"1021","912.0","107.0","1.0","D00005001","DIGITAL MTR NOT WORK","2.0","30.0","NaN","1.0","NaN","0","1","0"
"1022","912.0","107.0","2.0","D00005002","Supervision (MISC) D000105002","0.0","30.0","NaN","1.0","NaN","0","1","0"
"1023","912.0","107.0","3.0","D00005003","Panel board light/indicators N/W (MISC) D000105003","0.0","30.0","NaN","1.0","NaN","0","1","0"
"1024","912.0","107.0","4.0","D00005004","Ancy work  & Welding work reqd (MISC) D000105004","0.0","30.0","NaN","1.0","NaN","0","1","0"
"1025","912.0","107.0","5.0","D00005005","Insp (MISC) D000105005","0.0","30.0","Insp","1.0","Annual Tech Insp carried out on behalf of Fmn cdr as per IAF (EME) E-03 Vide AO 5/95","0","2","0"
"1026","912.0","107.0","6.0","D00005006","Misc Repair (MISC) D000105006","0.0","30.0","NaN","1.0","NaN","0","1","0"
"1027","912.0","107.0","7.0","D00005007","Other Defect (MISC) D000105007","0.0","30.0","NaN","1.0","NaN","0","1","0"
"1028","913.0","108.0","1.0","E00001001","A/D D/A LED glows in FIU (FWCS) E00001001","0.0","30.0","NaN","1.0","NaN","0","1","0"
"1029","913.0","108.0","2.0","E00001002","AFC LED glows in FIU (FWCS) E00001002","0.0","30.0","NaN","1.0","NaN","0","1","0"
"1030","913.0","108.0","3.0","E00001003","AFC Servo LED glows in FIU (FWCS) E00001003","0.0","30.0","NaN","1.0","NaN","0","1","0"
"1031","913.0","108.0","4.0","E00001004","Antenna pedestal lock bkn (FWCS) E00001004","0.0","30.0","NaN","1.0","NaN","0","1","0"
"1032","913.0","108.0","5.0","E00001005","B/E servo LED glows in FIU (FWCS) E00001005","0.0","30.0","NaN","1.0","NaN","0","1","0"
"1033","913.0","108.0","6.0","E00001006","CH 1 LED glows in FIU (FWCS) E00001006","0.0","30.0","NaN","1.0","NaN","0","1","0"
"1034","913.0","108.0","7.0","E00001007","CH 2 LED glows in FIU (FWCS) E00001007","0.0","30.0","NaN","1.0","NaN","0","1","0"
"1035","913.0","108.0","8.0","E00001008","CH 3 LED glows in FIU (FWCS) E00001008","0.0","30.0","NaN","1.0","NaN","0","1","0"
"1036","913.0","108.0","9.0","E00001009","Cooling sys LED glows in FIU (FWCS) E00001009","0.0","30.0","NaN","1.0","NaN","0","1","0"
"1037","913.0","108.0","10.0","E00001010","Data does not getting stored in DIU (FWCS) E00001010","0.0","30.0","NaN","1.0","NaN","0","1","0"
"1038","913.0","108.0","11.0","E00001011","DSOT does not initiate with DIU (FWCS) E00001011","0.0","30.0","NaN","1.0","NaN","0","1","0"
"1039","913.0","108.0","12.0","E00001012","EVLT LED glows in FIU (FWCS) E00001012","0.0","30.0","NaN","1.0","NaN","0","1","0"
"1040","913.0","108.0","13.0","E00001013","Fold in/out N/W (FWCS) E00001013","0.0","30.0","NaN","1.0","NaN","0","1","0"
"1041","913.0","108.0","14.0","E00001014","Fresh air LED glows in FIU (FWCS) E00001014","0.0","30.0","NaN","1.0","NaN","0","1","0"
"1042","913.0","108.0","15.0","E00001015","GDR 1 LED glows in FIU (FWCS) E00001015","0.0","30.0","NaN","1.0","NaN","0","1","0"
"1043","913.0","108.0","16.0","E00001016","GDR 2 LED glows in FIU (FWCS) E00001016","0.0","30.0","NaN","1.0","NaN","0","1","0"
"1044","913.0","108.0","17.0","E00001017","GDR 3 LED glows in FIU (FWCS) E00001017","0.0","30.0","NaN","1.0","NaN","0","1","0"
"1045","913.0","108.0","18.0","E00001018","GDR not switching on (FWCS) E00001018","0.0","30.0","NaN","1.0","NaN","0","1","0"
"1046","913.0","108.0","19.0","E00001019","Guard ring does not appearing  (FWCS) E00001019","0.0","30.0","NaN","1.0","NaN","0","1","0"
"1047","913.0","108.0","20.0","E00001020","Gun hunting in RPC (FWCS) E00001020","0.0","30.0","NaN","1.0","NaN","0","1","0"
"1048","913.0","108.0","21.0","E00001021","HV LED glows in FIU (FWCS) E00001021","0.0","30.0","NaN","1.0","NaN","0","1","0"
"1049","913.0","108.0","22.0","E00001022","IFF sys does N/W (FWCS) E00001022","0.0","30.0","NaN","1.0","NaN","0","1","0"
"1050","913.0","108.0","23.0","E00001023","Ka Tx/Rx LED glows in FIU (FWCS) E00001023","0.0","30.0","NaN","1.0","NaN","0","1","0"
"1051","913.0","108.0","24.0","E00001024","Levelling Jack N/W electrically (FWCS) E00001024","0.0","30.0","NaN","1.0","NaN","0","1","0"
"1052","913.0","108.0","25.0","E00001025","LO LED glowing (FWCS) E00001025","0.0","30.0","NaN","1.0","NaN","0","1","0"
"1053","913.0","108.0","26.0","E00001026","MTI LED glowing (FWCS) E00001026","0.0","30.0","NaN","1.0","NaN","0","1","0"
"1054","913.0","108.0","27.0","E00001027","No display in A-Scope (FWCS) E00001027","0.0","30.0","NaN","1.0","NaN","0","1","0"
"1055","913.0","108.0","28.0","E00001028","No display in DIU (FWCS) E00001028","0.0","30.0","NaN","1.0","NaN","0","1","0"
"1056","913.0","108.0","29.0","E00001029","No display in PPI (FWCS) E00001029","0.0","30.0","NaN","1.0","NaN","0","1","0"
"1057","913.0","108.0","30.0","E00001030","No display in TV Monitor (FWCS) E00001030","0.0","30.0","NaN","1.0","NaN","0","1","0"
"1058","913.0","108.0","31.0","E00001031","No false alarm in PPI (FWCS) E00001031","0.0","30.0","NaN","1.0","NaN","0","1","0"
"1059","913.0","108.0","32.0","E00001032","No noise in Track Brg channel (FWCS) E00001032","0.0","30.0","NaN","1.0","NaN","0","1","0"
"1060","913.0","108.0","33.0","E00001033","No noise in Track Elev channel (FWCS) E00001033","0.0","30.0","NaN","1.0","NaN","0","1","0"
"1061","913.0","108.0","34.0","E00001034","No noise in Track Sum channel (FWCS) E00001034","0.0","30.0","NaN","1.0","NaN","0","1","0"
"1062","913.0","108.0","35.0","E00001035","No test pulses in A-Scope (FWCS) E00001035","0.0","30.0","NaN","1.0","NaN","0","1","0"
"1063","913.0","108.0","36.0","E00001036","No tracking of tgts (FWCS) E00001036","0.0","30.0","NaN","1.0","NaN","0","1","0"
"1064","913.0","108.0","37.0","E00001037","Noise tracking occurs (FWCS) E00001037","0.0","30.0","NaN","1.0","NaN","0","1","0"
"1065","913.0","108.0","38.0","E00001038","Nozzle LED glows in FIU (FWCS) E00001038","0.0","30.0","NaN","1.0","NaN","0","1","0"
"1066","913.0","108.0","39.0","E00001039","Parity LED glows in FIU (FWCS) E00001039","0.0","30.0","NaN","1.0","NaN","0","1","0"
"1067","913.0","108.0","40.0","E00001040","PDU LED glows in FIU (FWCS) E00001040","0.0","30.0","NaN","1.0","NaN","0","1","0"
"1068","913.0","108.0","41.0","E00001041","PPI LED glows in FIU (FWCS) E00001041","0.0","30.0","NaN","1.0","NaN","0","1","0"
"1069","913.0","108.0","42.0","E00001042","PS1 LED glows in FIU (FWCS) E00001042","0.0","30.0","NaN","1.0","NaN","0","1","0"
"1070","913.0","108.0","43.0","E00001043","PS2 LED glows in FIU (FWCS) E00001043","0.0","30.0","NaN","1.0","NaN","0","1","0"
"1071","913.0","108.0","44.0","E00001044","Rotary Converter does not sw on (FWCS) E00001044","0.0","30.0","NaN","1.0","NaN","0","1","0"
"1072","913.0","108.0","45.0","E00001045","Search POL LED glows in FIU (FWCS) E00001045","0.0","30.0","NaN","1.0","NaN","0","1","0"
"1073","913.0","108.0","46.0","E00001046","Search Rec LED glows in FIU (FWCS) E00001046","0.0","30.0","NaN","1.0","NaN","0","1","0"
"1074","913.0","108.0","47.0","E00001047","Simulator video does not displayed in PPI (FWCS) E00001047","0.0","30.0","NaN","1.0","NaN","0","1","0"
"1075","913.0","108.0","48.0","E00001048","Softw LED glows in FIU (FWCS) E00001048","0.0","30.0","NaN","1.0","NaN","0","1","0"
"1076","913.0","108.0","49.0","E00001049","Tell back line does not displayed in PPI (FWCS) E00001049","0.0","30.0","NaN","1.0","NaN","0","1","0"
"1077","913.0","108.0","50.0","E00001050","Track ant does not move (FWCS) E00001050","0.0","30.0","NaN","1.0","NaN","0","1","0"
"1078","913.0","108.0","51.0","E00001051","Track Ant out of control in brg (FWCS) E00001051","0.0","30.0","NaN","1.0","NaN","0","1","0"
"1079","913.0","108.0","52.0","E00001052","Track Ant out of control in elev (FWCS) E00001052","0.0","30.0","NaN","1.0","NaN","0","1","0"
"1080","913.0","108.0","53.0","E00001053","Tracking gate does not move (FWCS) E00001053","0.0","30.0","NaN","1.0","NaN","0","1","0"
"1081","913.0","108.0","54.0","E00001054","Transmit LED glowing (FWCS) E00001054","0.0","30.0","NaN","1.0","NaN","0","1","0"
"1082","913.0","108.0","55.0","E00001055","TV track LED glowing (FWCS) E00001055","0.0","30.0","NaN","1.0","NaN","0","1","0"
"1083","913.0","108.0","56.0","E00001056","TV window does not display in PPI (FWCS) E00001056","0.0","30.0","NaN","1.0","NaN","0","1","0"
"1084","913.0","108.0","57.0","E00001057","TWS LED glowing (FWCS) E00001057","0.0","30.0","NaN","1.0","NaN","0","1","0"
"1085","913.0","108.0","58.0","E00001058","VISIT video does not appear in PPI (FWCS) E00001058","0.0","30.0","NaN","1.0","NaN","0","1","0"
"1086","913.0","108.0","59.0","E00001059","Waveguide LED glowing (FWCS) E00001059","0.0","30.0","NaN","1.0","NaN","0","1","0"
"1087","913.0","108.0","60.0","E00001060","X Band Track/Rec LED glowing (FWCS) E00001060","0.0","30.0","NaN","1.0","NaN","0","1","0"
"1088","913.0","109.0","1.0","E00002001","Firing safety SW N/W (GUN L-70) E00002001","0.0","30.0","NaN","1.0","NaN","0","1","0"
"1089","913.0","109.0","2.0","E00002002","Gun out of control in LPC/RPC (GUN L-70) E00002002","0.0","30.0","NaN","1.0","NaN","0","1","0"
"1090","913.0","109.0","3.0","E00002003","Hooter N/W at RPC (GUN L-70) E00002003","0.0","30.0","NaN","1.0","NaN","0","1","0"
"1091","913.0","109.0","4.0","E00002004","Hydraulic oil leaking (GUN L-70) E00002004","0.0","30.0","NaN","1.0","NaN","0","1","0"
"1092","913.0","109.0","5.0","E00002005","Indication lamp does not glow (GUN L-70) E00002005","0.0","30.0","NaN","1.0","NaN","0","1","0"
"1093","913.0","109.0","6.0","E00002006","Main motor does not switch on (GUN L-70) E00002006","0.0","30.0","NaN","1.0","NaN","0","1","0"
"1094","913.0","109.0","7.0","E00002007","No firing at LPC/RPC (GUN L-70) E00002007","0.0","30.0","NaN","1.0","NaN","0","1","0"
"1095","913.0","109.0","8.0","E00002008","Oil milky (GUN L-70) E00002008","0.0","30.0","NaN","1.0","NaN","0","1","0"
"1096","913.0","109.0","9.0","E00002009","Oil pump motor does not switch on (GUN L-70) E00002009","0.0","30.0","NaN","1.0","NaN","0","1","0"
"1097","913.0","109.0","10.0","E00002010","Sight light not glowing (GUN L-70) E00002010","0.0","30.0","NaN","1.0","NaN","0","1","0"
"1098","913.0","109.0","11.0","E00002011","Taboo gear does N/W (GUN L-70) E00002011","0.0","30.0","NaN","1.0","NaN","0","1","0"
"1099","913.0","110.0","1.0","E00003001","Ancy work (MISC) E00003001","0.0","30.0","NaN","1.0","NaN","0","1","0"
"1100","913.0","110.0","2.0","E00003002","Documentation (MISC) E00003002","0.0","30.0","NaN","1.0","NaN","0","1","0"
"1101","913.0","110.0","3.0","E00003003","Eqpt in inspection (MISC) E00003003","0.0","30.0","NaN","1.0","NaN","0","2","0"
"1102","913.0","110.0","4.0","E00003004","For modification (MISC) E00003004","0.0","30.0","NaN","1.0","NaN","0","1","0"
"1103","913.0","110.0","5.0","E00003005","Misc Repair (MISC) E00003005","0.0","30.0","NaN","1.0","NaN","0","1","0"
"1104","913.0","110.0","6.0","E00003006","Supervision (MISC) E00003006","0.0","30.0","NaN","1.0","NaN","0","1","0"
"1105","913.0","111.0","1.0","E00004001","AFC LED glowing (REPORTER) E00004001","0.0","30.0","NaN","1.0","NaN","0","1","0"
"1106","913.0","111.0","2.0","E00004002","Circular Polarisation LED glowing (REPORTER) E00004002","0.0","30.0","NaN","1.0","NaN","0","1","0"
"1107","913.0","111.0","3.0","E00004003","Hardware LED glowing (REPORTER) E00004003","0.0","30.0","NaN","1.0","NaN","0","1","0"
"1108","913.0","111.0","4.0","E00004004","HV LED glowing (REPORTER) E00004004","0.0","30.0","NaN","1.0","NaN","0","1","0"
"1109","913.0","111.0","5.0","E00004005","IFF LED glowing (REPORTER) E00004005","0.0","30.0","NaN","1.0","NaN","0","1","0"
"1110","913.0","111.0","6.0","E00004006","LO LED glowing (REPORTER) E00004006","0.0","30.0","NaN","1.0","NaN","0","1","0"
"1111","913.0","111.0","7.0","E00004007","MTI LED glowing (REPORTER) E00004007","0.0","30.0","NaN","1.0","NaN","0","1","0"
"1112","913.0","111.0","8.0","E00004008","PDU LED glowing (REPORTER) E00004008","0.0","30.0","NaN","1.0","NaN","0","1","0"
"1113","913.0","111.0","9.0","E00004009","PPI Link fail (REPORTER) E00004009","0.0","30.0","NaN","1.0","NaN","0","1","0"
"1114","913.0","111.0","10.0","E00004010","Rdr Link LED glowing (REPORTER) E00004010","0.0","30.0","NaN","1.0","NaN","0","1","0"
"1115","913.0","111.0","11.0","E00004011","Receiver LED glowing (REPORTER) E00004011","0.0","30.0","NaN","1.0","NaN","0","1","0"
"1116","913.0","111.0","12.0","E00004012","RVG LED glowing (REPORTER) E00004012","0.0","30.0","NaN","1.0","NaN","0","1","0"
"1117","913.0","111.0","13.0","E00004013","Transmit LED glowing/No Transmission (REPORTER) E00004013","0.0","30.0","NaN","1.0","NaN","0","1","0"
"1118","913.0","111.0","14.0","E00004014","TV video not displayed (REPORTER) E00004014","0.0","30.0","NaN","1.0","NaN","0","1","0"
"1119","913.0","111.0","15.0","E00004015","Waveguide LED glowing (REPORTER) E00004015","0.0","30.0","NaN","1.0","NaN","0","1","0"
"1120","913.0","112.0","1.0","E00005001","A/R time base not displayed (SCHILKA) E00005001","0.0","30.0","NaN","1.0","NaN","0","1","0"
"1121","913.0","112.0","2.0","E00005002","Anode on lamp not glowing (SCHILKA) E00005002","0.0","30.0","NaN","1.0","NaN","0","1","0"
"1122","913.0","112.0","3.0","E00005003","Antenna out of control (SCHILKA) E00005003","0.0","30.0","NaN","1.0","NaN","0","1","0"
"1123","913.0","112.0","4.0","E00005004","Blower sys not functioning (SCHILKA) E00005004","0.0","30.0","NaN","1.0","NaN","0","1","0"
"1124","913.0","112.0","5.0","E00005005","Cmptr not SW on (SCHILKA) E00005005","0.0","30.0","NaN","1.0","NaN","0","1","0"
"1125","913.0","112.0","6.0","E00005006","Firing cct not functioning (SCHILKA) E00005006","0.0","30.0","NaN","1.0","NaN","0","1","0"
"1126","913.0","112.0","7.0","E00005007","HV arcing (SCHILKA) E00005007","0.0","30.0","NaN","1.0","NaN","0","1","0"
"1127","913.0","112.0","8.0","E00005008","Hydraulic sys N/W (SCHILKA) E00005008","0.0","30.0","NaN","1.0","NaN","0","1","0"
"1128","913.0","112.0","9.0","E00005009","Improper time base (SCHILKA) E00005009","0.0","30.0","NaN","1.0","NaN","0","1","0"
"1129","913.0","112.0","10.0","E00005010","Loading lamp of firing cct not glowing (SCHILKA) E00005010","0.0","30.0","NaN","1.0","NaN","0","1","0"
"1130","913.0","112.0","11.0","E00005011","No mixer current (SCHILKA) E00005011","0.0","30.0","NaN","1.0","NaN","0","1","0"
"1131","913.0","112.0","12.0","E00005012","No ringing pulse (SCHILKA) E00005012","0.0","30.0","NaN","1.0","NaN","0","1","0"
"1132","913.0","112.0","13.0","E00005013","No signal (SCHILKA) E00005013","0.0","30.0","NaN","1.0","NaN","0","1","0"
"1133","913.0","112.0","14.0","E00005014","No transmission (SCHILKA) E00005014","0.0","30.0","NaN","1.0","NaN","0","1","0"
"1134","913.0","112.0","15.0","E00005015","PPI time base not appear (SCHILKA) E00005015","0.0","30.0","NaN","1.0","NaN","0","1","0"
"1135","913.0","112.0","16.0","E00005016","Primary power supply out of tolerance (SCHILKA) E00005016","0.0","30.0","NaN","1.0","NaN","0","1","0"
"1136","913.0","112.0","17.0","E00005017","Secondary power supply out of tolerance (SCHILKA) E00005017","0.0","30.0","NaN","1.0","NaN","0","1","0"
"1137","913.0","112.0","18.0","E00005018","TM I task due (SCHILKA) E00005018","0.0","30.0","NaN","1.0","NaN","0","1","0"
"1138","913.0","112.0","19.0","E00005019","TM II task due (SCHILKA) E00005019","0.0","30.0","NaN","1.0","NaN","0","1","0"
"1139","913.0","112.0","20.0","E00005020","Wave guide pressure not building up (SCHILKA) E00005020","0.0","30.0","NaN","1.0","NaN","0","1","0"
"1140","913.0","113.0","1.0","E00006001","A/R Scope time base improper (USFM) E00006001","0.0","30.0","NaN","1.0","NaN","0","1","0"
"1141","913.0","113.0","2.0","E00006002","Blower M54 not sw on when computer sw on (USFM) E00006002","0.0","30.0","NaN","1.0","NaN","0","1","0"
"1142","913.0","113.0","3.0","E00006003","Blower N/W (USFM) E00006003","0.0","30.0","NaN","1.0","NaN","0","1","0"
"1143","913.0","113.0","4.0","E00006004","Fault No 14 appears (USFM) E00006004","0.0","30.0","NaN","1.0","NaN","0","1","0"
"1144","913.0","113.0","5.0","E00006005","Fault No 18 appears (USFM) E00006005","0.0","30.0","NaN","1.0","NaN","0","1","0"
"1145","913.0","113.0","6.0","E00006006","Fault No 2 appears (USFM) E00006006","0.0","30.0","NaN","1.0","NaN","0","1","0"
"1146","913.0","113.0","7.0","E00006007","Fault No 3 appears (USFM) E00006007","0.0","30.0","NaN","1.0","NaN","0","1","0"
"1147","913.0","113.0","8.0","E00006008","Fault No 6 appears (USFM) E00006008","0.0","30.0","NaN","1.0","NaN","0","1","0"
"1148","913.0","113.0","9.0","E00006009","Fault No 7 appears (USFM) E00006009","0.0","30.0","NaN","1.0","NaN","0","1","0"
"1149","913.0","113.0","10.0","E00006010","Fault No 8 appears (USFM) E00006010","0.0","30.0","NaN","1.0","NaN","0","1","0"
"1150","913.0","113.0","11.0","E00006011","FCOT does not function (USFM) E00006011","0.0","30.0","NaN","1.0","NaN","0","1","0"
"1151","913.0","113.0","12.0","E00006012","FIS testing  (USFM) E00006012","0.0","30.0","NaN","1.0","NaN","0","1","0"
"1152","913.0","113.0","13.0","E00006013","GDR No communication (USFM) E00006013","0.0","30.0","NaN","1.0","NaN","0","1","0"
"1153","913.0","113.0","14.0","E00006014","Helical search N/W (USFM) E00006014","0.0","30.0","NaN","1.0","NaN","0","1","0"
"1154","913.0","113.0","15.0","E00006015","Improper Display of computer  (USFM) E00006015","0.0","30.0","NaN","1.0","NaN","0","1","0"
"1155","913.0","113.0","16.0","E00006016","Internal heating not sw on (USFM) E00006016","0.0","30.0","NaN","1.0","NaN","0","1","0"
"1156","913.0","113.0","17.0","E00006017","No PPI time base (USFM) E00006017","0.0","30.0","NaN","1.0","NaN","0","1","0"
"1157","913.0","113.0","18.0","E00006018","No time base in A/R scope (USFM) E00006018","0.0","30.0","NaN","1.0","NaN","0","1","0"
"1158","913.0","113.0","19.0","E00006019","PPI time base improper (USFM) E00006019","0.0","30.0","NaN","1.0","NaN","0","1","0"
"1159","913.0","113.0","20.0","E00006020","Primary lamp glows in SPU (USFM) E00006020","0.0","30.0","NaN","1.0","NaN","0","1","0"
"1160","913.0","113.0","21.0","E00006021","Radiation LED blinking (USFM) E00006021","0.0","30.0","NaN","1.0","NaN","0","1","0"
"1161","913.0","113.0","22.0","E00006022","SPU Power not switched on (USFM) E00006022","0.0","30.0","NaN","1.0","NaN","0","1","0"
"1162","913.0","113.0","23.0","E00006023","Tracker not switched ON (USFM) E00006023","0.0","30.0","NaN","1.0","NaN","0","1","0"
"1163","913.0","113.0","24.0","E00006024","Tracker out of control (USFM) E00006024","0.0","30.0","NaN","1.0","NaN","0","1","0"
"1164","913.0","113.0","25.0","E00006025","Trouble LED glowing (USFM) E00006025","0.0","30.0","NaN","1.0","NaN","0","1","0"
"1165","913.0","113.0","26.0","E00006026","Waveguide pressure does not build up (USFM) E00006026","0.0","30.0","NaN","1.0","NaN","0","1","0"
"1166","913.0","113.0","27.0","E00006027","Wrong phase LED glowing (USFM) E00006027","0.0","30.0","NaN","1.0","NaN","0","1","0"
"1167","914.0","114.0","1.0","F00001001","Change over sw N/W (STRELLA) F00001001","0.0","30.0","NaN","1.0","NaN","0","1","0"
"1168","914.0","115.0","1.0","F00002001","Data cable of Fd simulator set of 9F 635-1 defective (IGLA) F00002001","0.0","30.0","NaN","1.0","NaN","0","1","0"
"1169","914.0","114.0","2.0","F00001002","Creeping in Azimuth (STRELLA) F00001002","0.0","30.0","NaN","1.0","NaN","0","1","0"
"1170","914.0","114.0","3.0","F00001003","Launcher jerks in between 20 degree to 80 degree in elevation (STRELLA) F00001003","0.0","30.0","NaN","1.0","NaN","0","1","0"
"1171","914.0","114.0","4.0","F00001004","Launcher out of control in Brg when grip switch pressed (STRELLA) F00001004","0.0","30.0","NaN","1.0","NaN","0","1","0"
"1172","914.0","114.0","5.0","F00001005","28V lamp in OC does not glow (STRELLA) F00001005","0.0","30.0","NaN","1.0","NaN","0","1","0"
"1173","914.0","114.0","6.0","F00001006","Travelling lamp does not glow (STRELLA) F00001006","0.0","30.0","NaN","1.0","NaN","0","1","0"
"1174","914.0","114.0","7.0","F00001007","When grip switch pressed 24V & 28V supply out  (STRELLA) F00001007","0.0","30.0","NaN","1.0","NaN","0","1","0"
"1175","914.0","114.0","8.0","F00001008","When 28V sw on, the voltmeter in OC1 jerks (STRELLA) F00001008","0.0","30.0","NaN","1.0","NaN","0","1","0"
"1176","914.0","114.0","9.0","F00001009","28V regulating voltage is not adjusted in OP1 (STRELLA) F00001009","0.0","30.0","NaN","1.0","NaN","0","1","0"
"1177","914.0","114.0","10.0","F00001010","The system is turned off when PS BORT button press L.H. of laying console (STRELLA) F00001010","0.0","30.0","NaN","1.0","NaN","0","1","0"
"1178","914.0","114.0","11.0","F00001011","When track/fire button pressed, front cover fails to operate (STRELLA) F00001011","0.0","30.0","NaN","1.0","NaN","0","1","0"
"1179","914.0","114.0","12.0","F00001012","Zone lamp does not glow although the tgt is within zone (STRELLA) F00001012","0.0","30.0","NaN","1.0","NaN","0","1","0"
"1180","914.0","114.0","13.0","F00001013","L.H. laying console msl power supply fails to approach operating msl stn (STRELLA) F00001013","0.0","30.0","NaN","1.0","NaN","0","1","0"
"1181","914.0","114.0","14.0","F00001014","ZEE on lamp unable to glow in POY (STRELLA) F00001014","0.0","30.0","NaN","1.0","NaN","0","1","0"
"1182","914.0","114.0","15.0","F00001015","During self test of article 9C86 ZEE control panel unable to light (STRELLA) F00001015","0.0","30.0","NaN","1.0","NaN","0","1","0"
"1183","914.0","114.0","16.0","F00001016","Pilot lamp fails to glow (STRELLA) F00001016","0.0","30.0","NaN","1.0","NaN","0","1","0"
"1184","914.0","114.0","17.0","F00001017","Test CD speed and range meter device test fails (STRELLA) F00001017","0.0","30.0","NaN","1.0","NaN","0","1","0"
"1185","914.0","114.0","18.0","F00001018","No magnetron current shows on the indicator in device 'Y' (STRELLA) F00001018","0.0","30.0","NaN","1.0","NaN","0","1","0"
"1186","914.0","114.0","19.0","F00001019","No indication of the crystal current instrument (STRELLA) F00001019","0.0","30.0","NaN","1.0","NaN","0","1","0"
"1187","914.0","114.0","20.0","F00001020","When engine started 24v DC supply not available in meter (STRELLA) F00001020","0.0","30.0","NaN","1.0","NaN","0","1","0"
"1188","914.0","114.0","21.0","F00001021","Intercom system N/W (STRELLA) F00001021","0.0","30.0","NaN","1.0","NaN","0","1","0"
"1189","914.0","114.0","22.0","F00001022","The fan check pilot lamp fails to glow when checking the serviceability of article 9C86 (STRELLA) F00001022","0.0","30.0","NaN","1.0","NaN","0","1","0"
"1190","914.0","114.0","23.0","F00001023","IFF control panel lamp fails to glow during self test (STRELLA) F00001023","0.0","30.0","NaN","1.0","NaN","0","1","0"
"1191","914.0","114.0","24.0","F00001024","When Article 9C86 is energised coverter PO-500A starts, 115V, pilot lamp fails to glow (STRELLA) F00001024","0.0","30.0","NaN","1.0","NaN","0","1","0"
"1192","914.0","114.0","25.0","F00001025","Physical damage in device 'A' of article 9C86 ZEE and IFF ant (STRELLA) F00001025","0.0","30.0","NaN","1.0","NaN","0","1","0"
"1193","914.0","114.0","26.0","F00001026","The system drive does not function properly (STRELLA) F00001026","0.0","30.0","NaN","1.0","NaN","0","1","0"
"1194","914.0","115.0","2.0","F00002002","Light signal of LT 9F 727-1 not available (IGLA) F00002002","0.0","30.0","NaN","1.0","NaN","0","1","0"
"1195","914.0","116.0","1.0","F00003001","Documentation (MISC) F00003001","0.0","30.0","NaN","1.0","NaN","0","1","0"
"1196","914.0","116.0","2.0","F00003002","Supervision (MISC) F00003002","0.0","30.0","NaN","1.0","NaN","0","1","0"
"1197","914.0","116.0","3.0","F00003003","Ancy work (MISC) F00003003","0.0","30.0","NaN","1.0","NaN","0","1","0"
"1198","914.0","116.0","4.0","F00003004","Misc Repair (MISC) F00003004","0.0","30.0","NaN","1.0","NaN","0","1","0"
"1199","909.0","2.0","23.0","A00002023","Air bottle leaking in closed position (AIR CHARGING) A00002023","0.0","30.0","NaN","1.0","NaN","0","1","1"
"1200","909.0","2.0","24.0","A00002024","Air comp 2nd stage pipe bkn  (AIR CHARGING) A00002024","0.0","30.0","NaN","1.0","NaN","0","1","1"
"1201","909.0","9.0","22.0","A00009022","Brl cracked from muzzle end 6” (BARREL) A00009022","0.0","30.0","NaN","1.0","NaN","0","1","1"
"1202","909.0","19.0","23.0","A00019023","Extractor Spindle locking screw damage (FIRING MECH_ARMT) A00019023","0.0","30.0","NaN","1.0","NaN","0","1","0"
"1203","909.0","19.0","24.0","A00019024","Breech block not closing (FIRING MECH_ARMT) A00019024","0.0","30.0","NaN","1.0","NaN","0","1","0"
"1204","915.0","117.0","1.0","G00001001","Auto hopper N/W - AUTO (GUN L/70) G00001001","0.0","30.0","NaN","1.0","NaN","0","1","0"
"1205","915.0","117.0","2.0","G00001002","Auto loader N/W - AUTO (GUN L/70) G00001002","0.0","30.0","NaN","1.0","NaN","0","1","0"
"1206","915.0","117.0","3.0","G00001003","Axle raising gear N/W -TXN (GUN L/70) G00001003","0.0","30.0","NaN","1.0","NaN","0","1","0"
"1207","915.0","117.0","4.0","G00001004","Barrel not fitted properly - BRL (GUN L/70) G00001004","0.0","30.0","NaN","1.0","NaN","0","1","0"
"1208","915.0","117.0","5.0","G00001005","Brake system N/W - BRAKE (GUN L/70) G00001005","0.0","30.0","NaN","1.0","NaN","0","1","0"
"1209","915.0","117.0","6.0","G00001006","Double acting pump N/W  - AUTO (GUN L/70) G00001006","0.0","30.0","NaN","1.0","NaN","0","1","0"
"1210","915.0","117.0","7.0","G00001007","Elevating departing buffer N/W - ELEVATING GEAR (GUN L/70) G00001007","0.0","30.0","NaN","1.0","NaN","0","1","0"
"1211","915.0","117.0","8.0","G00001008","Elevating gear N/W - ELEVATING GEAR (GUN L/70) G00001008","0.0","30.0","NaN","1.0","NaN","0","1","0"
"1212","915.0","117.0","9.0","G00001009","FCL N/W - FCL (GUN L/70) G00001009","0.0","30.0","NaN","1.0","NaN","0","1","0"
"1213","915.0","117.0","10.0","G00001010","Gun balancing N/W - ARMT (GUN L/70) G00001010","0.0","30.0","NaN","1.0","NaN","0","1","0"
"1214","915.0","117.0","11.0","G00001011","Gun stay N/W - ARMT (GUN L/70) G00001011","0.0","30.0","NaN","1.0","NaN","0","1","0"
"1215","915.0","117.0","12.0","G00001012","Jack N/W - AUTO (GUN L/70) G00001012","0.0","30.0","NaN","1.0","NaN","0","1","0"
"1216","915.0","117.0","13.0","G00001013","Out trigger N/W - ARMT (GUN L/70) G00001013","0.0","30.0","NaN","1.0","NaN","0","1","0"
"1217","915.0","117.0","14.0","G00001014","Pivot bearing N/W - AUTO (GUN L/70) G00001014","0.0","30.0","NaN","1.0","NaN","0","1","0"
"1218","915.0","117.0","15.0","G00001015","Recoil balancing N/W -RECOIL (GUN L/70) G00001015","0.0","30.0","NaN","1.0","NaN","0","1","0"
"1219","915.0","117.0","16.0","G00001016","Recoil Buffer N/W  -RECOIL (GUN L/70) G00001016","0.0","30.0","NaN","1.0","NaN","0","1","0"
"1220","915.0","117.0","17.0","G00001017","Recoil indicator N/W  -RECOIL (GUN L/70) G00001017","0.0","30.0","NaN","1.0","NaN","0","1","0"
"1221","915.0","117.0","18.0","G00001018","Run out N/W properly  -RECOIL (GUN L/70) G00001018","0.0","30.0","NaN","1.0","NaN","0","1","0"
"1222","915.0","117.0","19.0","G00001019","Towing eye N/W - INDICATORS & SENSORS (GUN L/70) G00001019","0.0","30.0","NaN","1.0","NaN","0","1","0"
"1223","915.0","117.0","20.0","G00001020","Traversing gear N/W - TRAVERSING GEAR (GUN L/70) G00001020","0.0","30.0","NaN","1.0","NaN","0","1","0"
"1224","915.0","117.0","21.0","G00001021","Wheel jammed - WHEEL (GUN L/70) G00001021","0.0","30.0","NaN","1.0","NaN","0","1","0"
"1225","915.0","117.0","22.0","G00001022","HOC N/W (GUN L/70) G00001022","0.0","30.0","NaN","1.0","NaN","0","1","0"
"1226","915.0","117.0","23.0","G00001023","Levelling bubble bkn - AUTO (GUN L/70) G00001023","0.0","30.0","NaN","1.0","NaN","0","1","0"
"1227","915.0","117.0","24.0","G00001024","Pump body guard bkn - HULL & CHASSIS (GUN L/70) G00001024","0.0","30.0","NaN","1.0","NaN","0","1","0"
"1228","915.0","118.0","1.0","G00002001","After BOH insp (MISC) G00002001","0.0","30.0","NaN","1.0","NaN","0","2","0"
"1229","915.0","118.0","2.0","G00002002","After firing insp (MISC) G00002002","0.0","30.0","NaN","1.0","NaN","0","2","0"
"1230","915.0","118.0","3.0","G00002003","Annual Task due (MISC) G00002003","72.0","0.0","NaN","1.0","NaN","0","2","0"
"1231","915.0","118.0","4.0","G00002004","Pre BOH insp (MISC) G00002004","0.0","30.0","NaN","1.0","NaN","0","2","0"
"1232","915.0","118.0","5.0","G00002005","before firing insp","0.0","30.0","before firing insp","1.0","before firing inspc/out","0","2","0"
"1233","915.0","118.0","6.0","G00002006","Ancy work (MISC) G00002006","0.0","30.0","NaN","1.0","NaN","0","1","0"
"1234","915.0","118.0","7.0","G00002007","Documentation (MISC) G00002007","0.0","30.0","NaN","1.0","NaN","0","1","0"
"1235","915.0","118.0","8.0","G00002008","Examination of Ord (MISC) G00002008","0.0","30.0","NaN","1.0","NaN","0","1","0"
"1236","915.0","118.0","9.0","G00002009","Gunner seat damaged  (MISC) G00002009","0.0","30.0","NaN","1.0","NaN","0","1","0"
"1237","915.0","118.0","10.0","G00002010","Prefiring Insp (MISC) G00002010","0.0","30.0","NaN","1.0","NaN","0","2","0"
"1238","915.0","118.0","11.0","G00002011","Supervision (MISC) G00002011","0.0","30.0","NaN","1.0","NaN","0","1","0"
"1239","915.0","118.0","12.0","G00002012","TM-I task due (MISC) G00002012","72.0","30.0","NaN","3.0","NaN","0","2","0"
"1240","915.0","118.0","13.0","G00002013","TM-II maint task due (MISC) G00002013","72.0","30.0","NaN","3.0","NaN","0","2","0"
"1241","915.0","118.0","14.0","G00002014","Wksp Annual Tech Insp (MISC) G00002014","0.0","30.0","NaN","1.0","NaN","0","2","0"
"1242","915.0","119.0","1.0","G00003001","Angle limiter N/W  (SCHILKA) G00003001","0.0","30.0","NaN","1.0","NaN","0","1","0"
"1243","915.0","119.0","2.0","G00003002","Back plate assy N/W - BRL (SCHILKA) G00003002","0.0","30.0","NaN","1.0","NaN","0","1","0"
"1244","915.0","119.0","3.0","G00003003","Barrel lock not functioning properly - BRL (SCHILKA) G00003003","0.0","30.0","NaN","1.0","NaN","0","1","0"
"1245","915.0","119.0","4.0","G00003004","Case deflector chute N/W (SCHILKA) G00003004","0.0","30.0","NaN","1.0","NaN","0","1","0"
"1246","915.0","119.0","5.0","G00003005","Cartridge box damage - ARMT (SCHILKA) G00003005","0.0","30.0","NaN","1.0","NaN","0","1","0"
"1247","915.0","119.0","6.0","G00003006","Cooling pipe perished - COOLING (SCHILKA) G00003006","0.0","30.0","NaN","1.0","NaN","0","1","0"
"1248","915.0","119.0","7.0","G00003007","Cooling system leaking - COOLING (SCHILKA) G00003007","0.0","30.0","NaN","1.0","NaN","0","1","0"
"1249","915.0","119.0","8.0","G00003008","Electric Trigger Mech not functioning - ARMT (SCHILKA) G00003008","0.0","30.0","NaN","1.0","NaN","0","1","0"
"1250","915.0","119.0","9.0","G00003009","Elevating gear not functioning - ELEVATING GEAR (SCHILKA) G00003009","0.0","30.0","NaN","1.0","NaN","0","1","0"
"1251","915.0","119.0","10.0","G00003010","Firing foot pedal N/W - AMRT (SCHILKA) G00003010","0.0","30.0","NaN","1.0","NaN","0","1","0"
"1252","915.0","119.0","11.0","G00003011","Flash eliminator jam - ARMT (SCHILKA) G00003011","0.0","30.0","NaN","1.0","NaN","0","1","0"
"1253","915.0","119.0","12.0","G00003012","Front attachment and yoke assy N/W (SCHILKA) G00003012","0.0","30.0","NaN","1.0","NaN","0","1","0"
"1254","915.0","119.0","13.0","G00003013","Gas Regulator pin jammed - GEN (SCHILKA) G00003013","0.0","30.0","NaN","1.0","NaN","0","1","0"
"1255","915.0","119.0","14.0","G00003014","Loading sleeve does not fitted properly (SCHILKA) G00003014","0.0","30.0","NaN","1.0","NaN","0","1","0"
"1256","915.0","119.0","15.0","G00003015","Play in Rear & Front catridge stop - ARMT (SCHILKA) G00003015","0.0","30.0","NaN","1.0","NaN","0","1","0"
"1257","915.0","119.0","16.0","G00003016","Pneumatic reloading Mech N/W - PNEUMATIC (SCHILKA) G00003016","0.0","30.0","NaN","1.0","NaN","0","1","0"
"1258","915.0","119.0","17.0","G00003017","Receiver Assy not function properly - ARMT (SCHILKA) G00003017","0.0","30.0","NaN","1.0","NaN","0","1","0"
"1259","915.0","119.0","18.0","G00003018","Receiver cover not closing properly - ARMT  (SCHILKA) G00003018","0.0","30.0","NaN","1.0","NaN","0","1","0"
"1260","915.0","119.0","19.0","G00003019","Recoil Buffer not functional - RECOIL (SCHILKA) G00003019","0.0","30.0","NaN","1.0","NaN","0","1","0"
"1261","915.0","119.0","20.0","G00003020","Traversing gear not functional - TRAVERSING GEAR (SCHILKA) G00003020","0.0","30.0","NaN","1.0","NaN","0","1","0"
"1262","915.0","119.0","21.0","G00003021","Turret lock N/W - ARMT (SCHILKA) G00003021","0.0","30.0","NaN","1.0","NaN","0","1","0"
"1263","915.0","120.0","1.0","G000118001","Barrel lock not functional - BRL (ZU 23mm GUN) G000118001","0.0","30.0","NaN","1.0","NaN","0","1","0"
"1264","915.0","120.0","2.0","G000118002","Barrel Removal lever N/W - BRL (ZU 23mm GUN) G000118002","5.0","30.0","NaN","1.0","NaN","0","1","0"
"1265","915.0","120.0","3.0","G000118003","Case ejector assy N/W - LOADING ASSY (ZU 23mm GUN) G000118003","0.0","30.0","NaN","1.0","NaN","0","1","0"
"1266","915.0","120.0","4.0","G000118004","Cartridge Box holder N/W - LOADING ASSY (ZU 23mm GUN) G000118004","0.0","30.0","NaN","1.0","NaN","0","1","0"
"1267","915.0","120.0","5.0","G000118005","Catridge Box not functional - LOADING ASSY (ZU 23mm GUN) G000118005","0.0","30.0","NaN","1.0","NaN","0","1","0"
"1268","915.0","120.0","6.0","G000118006","Elevating gear functional or N/W- ELEVATING GEAR (ZU 23mm GUN) G000118006","0.0","30.0","NaN","1.0","NaN","0","1","0"
"1269","915.0","120.0","7.0","G000118007","Elevating lock N/W - ELEVATING GEAR (ZU 23mm GUN) G000118007","0.0","30.0","NaN","1.0","NaN","0","1","0"
"1270","915.0","120.0","8.0","G000118008","Equilibrator assy N/W   (ZU 23mm GUN) G000118008","0.0","30.0","NaN","1.0","NaN","0","1","0"
"1271","915.0","120.0","9.0","G000118009","Flash eliminator jammed & not removed  (ZU 23mm GUN) G000118009","0.0","30.0","NaN","1.0","NaN","0","1","0"
"1272","915.0","120.0","10.0","G000118010","Front attachment and yoke assy N/W - YOKE ASSY (ZU 23mm GUN) G000118010","0.0","30.0","NaN","1.0","NaN","0","1","0"
"1273","915.0","120.0","11.0","G000118011","Gas Regulator and pin jammed (ZU 23mm GUN) G000118011","0.0","30.0","NaN","1.0","NaN","0","1","0"
"1274","915.0","120.0","12.0","G000118012","Horizontal brake N/W - BRAKE (ZU 23mm GUN) G000118012","0.0","30.0","NaN","1.0","NaN","0","1","0"
"1275","915.0","120.0","13.0","G000118013","Jack Assy N/W (ZU 23mm GUN) G000118013","0.0","30.0","NaN","1.0","NaN","0","1","0"
"1276","915.0","120.0","14.0","G000118014","Magazine box latches bkn - ARMT (ZU 23mm GUN) G000118014","0.0","30.0","NaN","1.0","NaN","0","1","0"
"1277","915.0","120.0","15.0","G000118015","Pedal trigger lever N/W - LOADING ASSY (ZU 23mm GUN) G000118015","0.0","30.0","NaN","1.0","NaN","0","1","0"
"1278","915.0","120.0","16.0","G000118016","Play in Barrel carrying handle - ARMT (ZU 23mm GUN) G000118016","0.0","30.0","NaN","1.0","NaN","0","1","0"
"1279","915.0","120.0","17.0","G000118017","Play in lifting handle- ARMT (ZU 23mm GUN) G000118017","0.0","30.0","NaN","1.0","NaN","0","1","0"
"1280","915.0","120.0","18.0","G000118018","Play in Rear & Front catridge stop - ARMT (ZU 23mm GUN) G000118018","0.0","30.0","NaN","1.0","NaN","0","1","0"
"1281","915.0","120.0","19.0","G000118019","Rear attachment N/W (ZU 23mm GUN) G000118019","0.0","30.0","NaN","1.0","NaN","0","1","0"
"1282","915.0","120.0","20.0","G000118020","Receiver assy not functional (ZU 23mm GUN) G000118020","0.0","30.0","NaN","1.0","NaN","0","1","0"
"1283","915.0","120.0","21.0","G000118021","Receiver Cover jammed or not locking (ZU 23mm GUN) G000118021","0.0","30.0","NaN","1.0","NaN","0","1","0"
"1284","915.0","120.0","22.0","G000118022","Recoil Buffer not functional - RECOIL (ZU 23mm GUN) G000118022","0.0","30.0","NaN","1.0","NaN","0","1","0"
"1285","915.0","120.0","23.0","G000118023","Retracting Mechnism N/W - RECOIL (ZU 23mm GUN) G000118023","0.0","30.0","NaN","1.0","NaN","0","1","0"
"1286","915.0","120.0","24.0","G000118024","Supporting Bracket bkn (ZU 23mm GUN) G000118024","0.0","30.0","NaN","1.0","NaN","0","1","0"
"1287","915.0","120.0","25.0","G000118025","Trail supporting guard bkn  (ZU 23mm GUN) G000118025","0.0","30.0","NaN","1.0","NaN","0","1","0"
"1288","915.0","120.0","26.0","G000118026","Traversing Mech N/W - TRAVERSING GEAR (ZU 23mm GUN) G000118026","0.0","30.0","NaN","1.0","NaN","0","1","0"
"1289","915.0","120.0","27.0","G000118027","Trigger mech N/W - ARMT (ZU 23mm GUN) G000118027","0.0","30.0","NaN","1.0","NaN","0","1","0"
"1290","915.0","120.0","28.0","G000118028","Bogie Wheel Assy N/W - WHEEL (ZU 23mm GUN) G000118028","0.0","30.0","NaN","1.0","NaN","0","1","0"
"1291","915.0","120.0","29.0","G000118029","Bogie Wheel change over buffer N/W- WHEEL (ZU 23mm GUN) G000118029","0.0","30.0","NaN","1.0","NaN","0","1","0"
"1292","915.0","120.0","30.0","G000118030","Wheel with hub defect- WHEEL (ZU 23mm GUN) G000118030","0.0","30.0","NaN","1.0","NaN","0","1","0"
"1293","909.0","33.0","12.0","A00031012","Wire bkn (MISC_ELECT) A00031012","0.0","30.0","NaN","1.0","NaN","0","1","0"
"1294","916.0","121.0","1.0","H00001001","BEFORE / AFTER / FOUR MONTHLY / BAL Wpn OF AIA INSP ","0.0","5.0","carried out","1.0","carried out","0","2","0"
"1295","916.0","121.0","2.0","H00001002","SPACER / GUIDE PIECE/ REAR BLOCK LOOSE/ EJECTOR LOOSE","0.0","30.0","CARRED OUT","1.0"," CARRED OUT","0","2","0"
"1296","916.0","121.0","3.0","H00001003","Guide Piece loose","0.0","30.0","Guide Piece loose c/out","1.0","Guide Piece loose c/out","0","2","0"
"1297","916.0","122.0","1.0","H00002001","Extension Barrel Rear Rivet Loose","0.0","30.0","Extension Barrel Rear Rivet Loose ","1.0","Extension Barrel Rear Rivet Loose c/out","0","2","0"
"1298","916.0","122.0","2.0","H00002002","AIA Insp of SA (MISC) Y00001012","0.0","30.0","AIA Insp c/out","NaN","AIA Insp c/out","0","2","0"
"1299","916.0","122.0","3.0","H00002003","Four monthly  Insp of SA (MISC) Y00001011","0.0","30.0","Four monthly  Insp . carried out



","1.0","Four monthly  Insp . carried out","0","2","0"
"1300","916.0","122.0","4.0","H00002004","MISC","1.0","5.0","NaN","1.0","NaN","0","2","0"
"1301","917.0","137.0","1.0","J00003001","No Transmission from RS (Trans Path (TX)) J00003001","0.0","30.0","NaN","1.0","NaN","0","1","0"
"1302","917.0","123.0","2.0","J00004002","No Reception in RS  (Receive Path (Rx)) J00004002","0.0","30.0","NaN","1.0","NaN","0","1","0"
"1303","917.0","123.0","3.0","J00001003","RS Low output (GEN) J00001003","0.0","30.0","NaN","1.0","NaN","0","1","0"
"1304","917.0","123.0","4.0","J00001004","Handset faulty (GEN) J00001004","0.0","30.0","NaN","1.0","NaN","0","1","0"
"1305","917.0","123.0","5.0","J00001005","RS Audio socket bkn (GEN) J00001005","0.0","30.0","NaN","1.0","NaN","0","1","0"
"1306","917.0","123.0","6.0","J00001006","RS No display (GEN) J00001006","0.0","30.0","NaN","1.0","NaN","0","1","0"
"1307","917.0","123.0","7.0","J00001007","Bty Charger N/W (GEN) J00001007","0.0","30.0","NaN","1.0","NaN","0","1","0"
"1308","917.0","123.0","8.0","J00001008","Tele Set faulty  (GEN) J00001008","0.0","30.0","NaN","1.0","NaN","0","1","0"
"1309","917.0","123.0","9.0","J00001009","ULSB MK-II faulty (GEN) J00001009","0.0","30.0","NaN","1.0","NaN","0","1","1"
"1310","917.0","123.0","10.0","J00001010","Bty N/W  (GEN) J00001010","0.0","30.0","NaN","1.0","NaN","0","1","0"
"1311","917.0","123.0","11.0","J00001011","Adapter N/W (GEN) J00001011","0.0","30.0","NaN","1.0","NaN","0","1","0"
"1312","917.0","124.0","1.0","J00002001","Documentation (MISC) J00002001","0.0","30.0","NaN","1.0","NaN","0","1","0"
"1313","917.0","124.0","2.0","J00002002","Supervision (MISC) J00002002","0.0","30.0","NaN","1.0","NaN","0","1","0"
"1314","917.0","124.0","3.0","J00002003","Misc Repair (MISC) J00002003","0.0","30.0","NaN","1.0","NaN","0","1","0"
"1315","917.0","124.0","4.0","J00002004","RS Dead (MISC) J00002004","2.0","30.0","on getting switched on","1.0","NaN","0","1","0"
"1316","918.0","125.0","1.0","K00001001","Switch circuit faulty (MED) K00001001","0.0","30.0","NaN","1.0","NaN","0","1","0"
"1317","918.0","125.0","2.0","K00001002","No isolated supply (MED) K00001002","0.0","30.0","NaN","1.0","NaN","0","1","0"
"1318","918.0","125.0","3.0","K00001003","No ECG input signal (MED) K00001003","0.0","30.0","NaN","1.0","NaN","0","1","0"
"1319","918.0","125.0","4.0","K00001004","Differential amplifier faulty (MED) K00001004","0.0","30.0","NaN","1.0","NaN","0","1","0"
"1320","918.0","125.0","5.0","K00001005","Modulator circuit faulty (MED) K00001005","0.0","30.0","NaN","1.0","NaN","0","1","0"
"1321","918.0","125.0","6.0","K00001006","Patient cable faulty (MED) K00001006","0.0","30.0","NaN","1.0","NaN","0","1","0"
"1322","918.0","125.0","7.0","K00001007","PCB faulty (MED) K00001007","0.0","30.0","NaN","1.0","NaN","0","1","0"
"1323","918.0","125.0","8.0","K00001008","Compressor faulty (MED) K00001008","0.0","30.0","NaN","1.0","NaN","0","1","0"
"1324","918.0","125.0","9.0","K00001009","Amp meter faulty (MED) K00001009","0.0","30.0","NaN","1.0","NaN","0","1","0"
"1325","918.0","125.0","10.0","K00001010","Pressure gauge faulty (MED) K00001010","0.0","30.0","NaN","1.0","NaN","0","1","0"
"1326","918.0","125.0","11.0","K00001011","Mercury leakage (MED) K00001011","0.0","30.0","NaN","1.0","NaN","0","1","0"
"1327","918.0","125.0","12.0","K00001012","Bladder leakage (MED) K00001012","0.0","30.0","NaN","1.0","NaN","0","1","0"
"1328","918.0","125.0","13.0","K00001013","Knob bkn (MED) K00001013","0.0","30.0","NaN","1.0","NaN","0","1","0"
"1329","918.0","125.0","14.0","K00001014","Oxygen valve gauge faulty (MED) K00001014","0.0","30.0","NaN","1.0","NaN","0","1","0"
"1330","918.0","126.0","1.0","K00002001","Documentation (MISC) K00002001","0.0","30.0","NaN","1.0","NaN","0","1","0"
"1331","918.0","126.0","2.0","K00002002","Supervision (MISC) K00002002","0.0","30.0","NaN","1.0","NaN","0","1","0"
"1332","918.0","126.0","3.0","K00002003","Ancy work (MISC) K00002003","0.0","30.0","NaN","1.0","NaN","0","1","0"
"1333","918.0","126.0","4.0","K00002004","Misc Repair (MISC) K00002004","0.0","30.0","NaN","1.0","NaN","0","1","0"
"1334","919.0","127.0","1.0","L00001001","Binocular Optical component dirty (INST) L00001001","0.0","30.0","NaN","1.0","NaN","0","1","0"
"1335","919.0","127.0","2.0","L00001002","Binocular Focussing out (INST) L00001002","0.0","30.0","NaN","1.0","NaN","0","1","0"
"1336","919.0","127.0","3.0","L00001003","Binocular Collimation out (INST) L00001003","0.0","30.0","NaN","1.0","NaN","0","1","0"
"1337","919.0","127.0","4.0","L00001004","Compass Prismatic Bubble in chamber (INST) L00001004","0.0","30.0","NaN","1.0","NaN","0","1","0"
"1338","919.0","127.0","5.0","L00001005","Compass Prismatic Prism dirty (INST) L00001005","0.0","30.0","NaN","1.0","NaN","0","1","0"
"1339","919.0","127.0","6.0","L00001006","Director No 7 Optical cleaning (INST) L00001006","0.0","30.0","NaN","1.0","NaN","0","1","0"
"1340","919.0","127.0","7.0","L00001007","Director No 7 Circular bubble leaking (INST) L00001007","0.0","30.0","NaN","1.0","NaN","0","1","0"
"1341","919.0","127.0","8.0","L00001008","Collimator Sight Optical cleaning (INST) L00001008","0.0","30.0","NaN","1.0","NaN","0","1","0"
"1342","919.0","127.0","9.0","L00001009","LUMINIOUS PAINT PERISHED (INST) L00001009","0.0","30.0","NaN","1.0","NaN","0","1","0"
"1343","919.0","127.0","10.0","L00001010","Telescopic Sight Optical cleaning (INST) L00001010","0.0","30.0","NaN","1.0","NaN","0","1","0"
"1344","919.0","127.0","11.0","L00001011","SRS Sight L-70 graticule tilt (INST) L00001011","0.0","30.0","NaN","1.0","NaN","0","1","0"
"1345","919.0","127.0","12.0","L00001012","SRS Sight L-70 Optical cleaning (INST) L00001012","0.0","30.0","NaN","1.0","NaN","0","1","0"
"1346","919.0","127.0","13.0","L00001013","Tank BMP-1 sights optical cleaning (INST) L00001013","0.0","30.0","NaN","1.0","NaN","0","1","0"
"1347","919.0","127.0","14.0","L00001014","Tank BMP-1 Inst Panel faulty (INST) L00001014","0.0","30.0","NaN","1.0","NaN","0","1","0"
"1348","919.0","127.0","15.0","L00001015","Day/Night mode lever faulty (INST) L00001015","0.0","30.0","NaN","1.0","NaN","0","1","0"
"1349","919.0","127.0","16.0","L00001016","IC tube weak (INST) L00001016","0.0","30.0","NaN","1.0","NaN","0","1","0"
"1350","919.0","127.0","17.0","L00001017","Search light faulty (INST) L00001017","0.0","30.0","NaN","1.0","NaN","0","1","0"
"1351","919.0","127.0","18.0","L00001018","Periscopic sight faulty (INST) L00001018","0.0","30.0","NaN","1.0","NaN","0","1","0"
"1352","919.0","128.0","1.0","L00002001","Documentation (MISC) L00002001","0.0","30.0","NaN","1.0","NaN","0","1","0"
"1353","919.0","128.0","2.0","L00002002","Supervision (MISC) L00002002","0.0","30.0","NaN","1.0","NaN","0","1","0"
"1354","919.0","128.0","3.0","L00002003","Ancy work (MISC) L00002003","0.0","30.0","NaN","1.0","NaN","0","1","0"
"1355","919.0","128.0","4.0","L00002004","Misc Repair (MISC) L00002004","0.0","30.0","NaN","1.0","NaN","0","1","0"
"1356","920.0","129.0","1.0","M00001001","Monitor Faulty (GEN) M00001001","0.0","30.0","NaN","1.0","NaN","0","1","0"
"1357","920.0","129.0","2.0","M00001002","Printer N/W (GEN) M00001002","0.0","30.0","NaN","1.0","NaN","0","1","0"
"1358","920.0","129.0","3.0","M00001003","UPS N/W (GEN) M00001003","0.0","30.0","NaN","1.0","NaN","0","1","0"
"1359","920.0","129.0","4.0","M00001004","CPU N/W (GEN) M00001004","0.0","30.0","NaN","1.0","NaN","0","1","0"
"1360","920.0","129.0","5.0","M00001005","VPS N/W (GEN) M00001005","0.0","30.0","NaN","1.0","NaN","0","1","0"
"1361","920.0","129.0","6.0","M00001006","Data Switch N/W (GEN) M00001006","0.0","30.0","NaN","1.0","NaN","0","1","0"
"1362","920.0","129.0","7.0","M00001007","Keyboard N/W (GEN) M00001007","0.0","30.0","keyboard related problems, involves cleaning/repairs and replacement","1.0","NaN","0","1","0"
"1363","920.0","129.0","8.0","M00001008","Mouse N/W (GEN) M00001008","0.0","30.0","NaN","1.0","NaN","0","1","0"
"1364","920.0","129.0","9.0","M00001009","Speaker N/W (GEN) M00001009","0.0","30.0","NaN","1.0","NaN","0","1","0"
"1365","920.0","129.0","10.0","M00001010","Laptop N/W (GEN) M00001010","0.0","30.0","NaN","1.0","NaN","0","1","0"
"1366","920.0","129.0","11.0","M00001011","Server N/W (GEN) M00001011","0.0","30.0","NaN","1.0","NaN","1","1","0"
"1367","920.0","129.0","12.0","M00001012","Ext CD/DVD ROM/Writer faulty (GEN) M00001012","0.0","30.0","NaN","1.0","NaN","0","1","0"
"1368","920.0","129.0","13.0","M00001013","Hard Disk (HDD) Internal/External faulty,corrupted,N/W (GEN) M00001013","2.0","30.0","NaN","1.0","NaN","0","1","0"
"1369","920.0","130.0","1.0","M00002001","Documentation (MISC) M00002001","0.0","30.0","NaN","1.0","NaN","0","1","0"
"1370","920.0","130.0","2.0","M00002002","Supervision (MISC) M00002002","0.0","30.0","NaN","1.0","NaN","0","1","0"
"1371","920.0","130.0","3.0","M00002003","Misc Repair (MISC) M00002003","0.0","30.0","NaN","1.0","NaN","0","1","0"
"1372","921.0","131.0","1.0","N00001001","Sml Faulty (GEN) N00001001","0.0","30.0","NaN","1.0","NaN","0","1","0"
"1373","921.0","132.0","1.0","N00002001","Documentation (MISC) N00002001","2.0","30.0","NaN","1.0","NaN","0","1","0"
"1374","921.0","132.0","2.0","N00002002","Supervision (MISC) N00002002","0.0","30.0","NaN","1.0","NaN","0","1","0"
"1375","921.0","132.0","3.0","N00002003","Misc Repair (MISC) N00002003","2.0","30.0","NaN","1.0","NaN","0","1","0"
"1376","922.0","133.0","1.0","P00001001","MISC WORK","1.0","30.0","NaN","1.0","NaN","0","1","0"
"1377","922.0","134.0","1.0","P00002001","Supervision (MISC) P00002001","0.0","30.0","NaN","1.0","NaN","0","1","0"
"1378","922.0","134.0","2.0","P00002002","Documentation (MISC) P00002002","2.0","30.0","NaN","1.0","NaN","0","1","0"
"1379","923.0","135.0","1.0","Y00001001","Firing Range Duties SA (MISC) Y00001001","0.0","30.0","NaN","1.0","NaN","0","2","0"
"1380","923.0","135.0","2.0","Y00001002","Trg Area Assistance (MISC) Y00001002","0.0","30.0","NaN","1.0","NaN","0","1","0"
"1381","923.0","135.0","3.0","Y00001003","AAD Firing Range Duties (MISC) Y00001003","2.0","30.0","NaN","1.0","NaN","0","1","0"
"1382","923.0","135.0","4.0","Y00001004","Modifications (MISC) Y00001004","3.0","30.0","NaN","1.0","NaN","0","2","0"
"1383","923.0","135.0","5.0","Y00001005","Trials and Technical Board Members (MISC) Y00001005","6.0","30.0","NaN","1.0","NaN","0","2","0"
"1384","923.0","135.0","6.0","Y00001006","Conduct of central Lecture/Classes (MISC) Y00001006","2.0","30.0","NaN","1.0","NaN","0","2","0"
"1385","923.0","135.0","7.0","Y00001007","CEME Insp (MISC) Y00001007","3.0","30.0","CEME Insp ","1.0","CEME insp carried out ","0","2","0"
"1386","923.0","135.0","8.0","Y00001008","Electrical Lighting Duties (MISC) Y00001008","2.0","30.0","NaN","1.0","NaN","0","2","0"
"1387","923.0","135.0","9.0","Y00001009","Mobile Repair Team for outstation duties (MISC) Y00001009","2.0","30.0","NaN","1.0","NaN","0","2","0"
"1388","923.0","135.0","10.0","Y00001010","Conditioning of Spares (MISC) Y00001010","0.0","30.0","NaN","1.0","NaN","0","2","0"
"1389","923.0","135.0","11.0","Y00001011","Pre Firing Insp of SA (MISC) Y00001011","0.0","30.0","Pre Firing Insp c/out","1.0","Pre Firing Insp c/out","0","2","0"
"1390","923.0","135.0","12.0","Y00001012","After Firing Insp of SA (MISC) Y00001012","0.0","30.0","After Firing Insp c/out","1.0","After Firing Insp c/out","0","2","0"
"1391","923.0","135.0","13.0","Y00001013","Before Firing Insp of Guns (MISC) Y00001013","0.0","30.0","NaN","1.0","NaN","0","2","0"
"1392","923.0","135.0","14.0","Y00001014","After Firing Insp of Guns (MISC) Y00001014","1.0","0.0","NaN","1.0","NaN","0","2","0"
"1393","923.0","135.0","15.0","Y00001015","Daily fitness check of Veh (MISC) Y00001015","0.0","30.0","NaN","1.0","NaN","0","2","0"
"1394","923.0","135.0","16.0","Y00001016","Documentation (MISC) Y00001016","0.0","30.0","NaN","1.0","NaN","0","2","0"
"1395","923.0","135.0","17.0","Y00001017","Local Exercise (MISC) Y00001017","1.0","30.0","NaN","1.0","NaN","0","1","0"
"1396","923.0","135.0","18.0","Y00001018","In situ repair (MISC) Y00001018","1.0","30.0","NaN","1.0","NaN","0","1","0"
"1397","923.0","135.0","19.0","Y00001019","Installation of new eqpt (MISC) Y00001019","1.0","30.0","NaN","1.0","NaN","0","2","0"
"1398","923.0","135.0","20.0","Y00001020","Initial Insp (MISC) Y00001020","0.0","30.0","NaN","1.0","NaN","0","2","0"
"1399","923.0","135.0","21.0","Y00001021","Before firing insp of eqpt (MISC) Y00001021","3.0","30.0","NaN","1.0","NaN","0","2","0"
"1400","923.0","135.0","22.0","Y00001022","Misc Eqpt repair (MISC) Y00001022","2.0","30.0","NaN","1.0","NaN","0","1","0"
"1401","923.0","135.0","23.0","Y00001023","Misc Fault (MISC) Y00001023","3.0","30.0","NaN","1.0","NaN","0","1","0"
"1402","909.0","45.0","48.0","A00043048","Txn oil leaking from LH sproket & hub (TXN SYS) A00043048","2.0","30.0","NaN","1.0","NaN","0","1","0"
"1403","909.0","45.0","49.0","A00043049","Txn oil pressure not building up (TXN SYS) A00043049","3.0","30.0","NaN","1.0","NaN","1","1","0"
"1404","910.0","76.0","7.0","B00002007","Parking/Hand brake N/W (BRAKE) B00002007","1.0","30.0","repeated","1.0","NaN","0","1","1"
"1405","910.0","76.0","8.0","B00002008","Master cyl N/W  (BRAKE) B00002008","2.0","30.0","NaN","1.0","NaN","0","1","0"
"1406","910.0","76.0","9.0","B00002009","Front left side wheel cyl N/W (BRAKE) B00002009","0.0","30.0","NaN","1.0","NaN","0","1","0"
"1407","910.0","76.0","10.0","B00002010","Front right side wheel cyl N/W (BRAKE) B00002010","0.0","30.0","NaN","1.0","NaN","0","1","0"
"1408","910.0","76.0","11.0","B00002011","Rear left side wheel cyl N/W (BRAKE) B00002011","0.0","30.0","NaN","1.0","NaN","0","1","0"
"1409","910.0","76.0","12.0","B00002012","Rear right side wheel cyl N/W (BRAKE) B00002012","1.0","30.0","NaN","1.0","NaN","0","1","0"
"1410","910.0","76.0","13.0","B00002013","Brake Spongy (BRAKE) B00002013","1.0","30.0","NaN","1.0","NaN","0","1","0"
"1411","910.0","76.0","14.0","B00002014","Brake pedal free play excessive/pedal adj (BRAKE) B00002014","0.0","30.0","NaN","1.0","NaN","0","1","0"
"1412","910.0","76.0","15.0","B00002015","Brake pedal free play exessive (BRAKE) B00002015","0.0","30.0","repeat","1.0","NaN","0","1","1"
"1413","910.0","76.0","16.0","B00002016","Veh pulling (any side) (BRAKE) B00002016","1.0","30.0","give details in work done ","1.0","NaN","0","1","0"
"1414","910.0","76.0","17.0","B00002017","Brake pedal hard  (BRAKE) B00002017","1.0","0.0","NaN","1.0","NaN","0","1","0"
"1415","910.0","76.0","18.0","B00002018","Brake shoe bearing W/O (BRAKE) B00002018","1.0","30.0","NaN","1.0","NaN","0","1","0"
"1416","910.0","76.0","19.0","B00002019","Brake shoe deteriorated (BRAKE) B00002019","2.0","0.0","NaN","1.0","NaN","0","1","0"
"1417","910.0","76.0","20.0","B00002020","Brake pipe line perished  (BRAKE) B00002020","2.0","0.0","NaN","1.0","NaN","0","1","0"
"1418","910.0","76.0","21.0","B00002021","Brake shoe rivets loose (BRAKE) B00002021","1.0","0.0","NaN","1.0","NaN","0","1","0"
"1419","910.0","76.0","22.0","B00002022","Wheel Brake cyl piston problems (Brake)B00002022","1.0","30.0","NaN","1.0","NaN","0","1","0"
"1420","910.0","76.0","23.0","B00002023","Brake shoe returning spring bkn (BRAKE) B00002023","1.0","0.0","NaN","1.0","NaN","0","1","0"
"1421","910.0","76.0","24.0","B00002024","Back plate mounting bolt loose (BRAKE) B00002024","0.0","30.0","NaN","1.0","NaN","0","1","0"
"1422","910.0","76.0","25.0","B00002025","Brake poor (BRAKE) B00002025","1.0","0.0","NaN","1.0","NaN","0","1","0"
"1423","910.0","76.0","26.0","B00002026","Loose brake drum on hub (BRAKE) B00002026","1.0","0.0","NaN","1.0","NaN","0","1","0"
"1424","910.0","76.0","27.0","B00002027","Wheel brg W/O (BRAKE) B00002027","1.0","30.0","NaN","1.0","NaN","0","1","0"
"1425","910.0","76.0","28.0","B00002028","Wheel Drum rusty (BRAKE) B00002028","1.0","30.0","NaN","1.0","NaN","0","1","0"
"1426","910.0","76.0","29.0","B00002029","Brake pedal not returning fully (BRAKE) B00002029","0.0","30.0","NaN","1.0","NaN","0","1","0"
"1427","910.0","76.0","30.0","B00002030","Dual brake valve leaking (BRAKE) B00002030","1.0","30.0","NaN","1.0","NaN","0","1","0"
"1428","910.0","76.0","31.0","B00002031","System protection valve leaking (BRAKE) B00002031","1.0","0.0","NaN","1.0","NaN","0","1","0"
"1429","910.0","76.0","32.0","B00002032","Air dryer dirty (BRAKE) B00002032","0.0","30.0","NaN","1.0","NaN","0","1","0"
"1430","910.0","76.0","33.0","B00002033","Air pressure regulator N/W (BRAKE) B00002033","1.0","0.0","NaN","1.0","NaN","1","1","0"
"1431","910.0","76.0","34.0","B00002034","Air tank pressure not building up (BRAKE) B00002034","1.0","30.0","NaN","1.0","NaN","0","1","0"
"1432","910.0","76.0","35.0","B00002035","Rack spring brake actuator N/W (BRAKE) B00002035","0.0","30.0","NaN","1.0","NaN","0","1","0"
"1433","910.0","76.0","36.0","B00002036","Hand brake N/W (BRAKE) B00002036","1.0","30.0","NaN","1.0","NaN","0","1","0"
"1434","910.0","76.0","37.0","B00002037","Hand brake pressure leaking (BRAKE) B00002037","1.0","30.0","NaN","1.0","NaN","0","1","0"
"1435","910.0","76.0","38.0","B00002038","Hand brake cable bkn (BRAKE) B00002038","1.0","30.0","NaN","1.0","NaN","0","1","0"
"1436","910.0","76.0","39.0","B00002039","Air pressure gauge N/W - BRAKE (BRAKE) B00002039","1.0","0.0","NaN","1.0","NaN","0","1","0"
"1437","910.0","76.0","40.0","B00002040","Exhaust brake N/W - BRAKE (BRAKE) B00002040","1.0","30.0","NaN","1.0","NaN","0","1","0"
"1438","910.0","76.0","41.0","B00002041","Brake solenoid valve N/W - BRAKE (BRAKE) B00002041","1.0","30.0","NaN","1.0","NaN","1","1","0"
"1439","910.0","76.0","42.0","B00002042","Brake indicator N/W - BRAKE (BRAKE) B00002042","0.0","30.0","NaN","1.0","NaN","0","1","0"
"1440","910.0","76.0","43.0","B00002043","Brake liner rivets loose - BRAKE (BRAKE) B00002043","1.0","30.0","NaN","1.0","NaN","0","1","0"
"1441","910.0","76.0","44.0","B00002044","Air compressor N/W - BRAKE (BRAKE) B00002044","1.0","30.0","NaN","1.0","NaN","1","1","0"
"1442","910.0","76.0","45.0","B00002045","Trailor control valve leaking - BRAKE (BRAKE) B00002045","1.0","30.0","NaN","1.0","NaN","1","1","0"
"1443","910.0","76.0","46.0","B00002046","Rear relay N/W  - BRAKE (BRAKE) B00002046","1.0","0.0","NaN","1.0","NaN","0","1","0"
"1444","910.0","76.0","47.0","B00002047","Front relay inversion valve leaking - BRAKE (BRAKE) B00002047","1.0","0.0","NaN","1.0","NaN","0","1","0"
"1445","910.0","76.0","48.0","B00002048","Hand brake valve leaking - BRAKE (BRAKE) B00002048","1.0","30.0","NaN","1.0","NaN","0","1","0"
"1446","910.0","76.0","49.0","B00002049","Brake binding - BRAKE (BRAKE) B00002049","1.0","0.0","NaN","1.0","NaN","1","1","0"
"1447","910.0","76.0","50.0","B00002050","Brake pedal free play excessive - BRAKE (BRAKE) B00002050","0.0","30.0","repeat","1.0","NaN","0","1","1"
"1448","910.0","76.0","51.0","B00002051","Disc brake caliper loose - BRAKE (BRAKE) B00002051","0.0","30.0","NaN","1.0","NaN","0","1","0"
"1449","910.0","76.0","52.0","B00002052","Disc brake caliper pad W/O - BRAKE (BRAKE) B00002052","1.0","0.0","NaN","1.0","NaN","0","1","0"
"1450","910.0","76.0","53.0","B00002053","Disc brake piston seal damaged - BRAKE (BRAKE) B00002053","1.0","0.0","NaN","1.0","NaN","1","1","0"
"1451","910.0","76.0","54.0","B00002054","Disc and caliper not aligned - BRAKE (BRAKE) B00002054","0.0","30.0","NaN","1.0","NaN","0","1","0"
"1452","910.0","76.0","55.0","B00002055","Disc brake holding clips not positioned properly - BRAKE (BRAKE) B00002055","0.0","30.0","NaN","1.0","NaN","0","1","0"
"1453","910.0","76.0","56.0","B00002056","Wheel cyl scored - BRAKE (BRAKE) B00002056","1.0","30.0","NaN","1.0","NaN","0","1","0"
"1454","910.0","76.0","57.0","B00002057","Brake fluid leaking - BRAKE (BRAKE) B00002057","1.0","30.0","NaN","1.0","NaN","1","1","0"
"1455","910.0","76.0","58.0","B00002058","Brake ineffective/pedal not working/free- BRAKE (BRAKE) B00002058","1.0","30.0","NaN","1.0","NaN","1","1","0"
"1456","910.0","76.0","59.0","B00002059","Brake adjustment - BRAKE (BRAKE) B00002059","0.0","30.0","NaN","1.0","NaN","0","1","0"
"1457","910.0","76.0","60.0","B00002060","Brake linkage lubrication reqd  - BRAKE (BRAKE) B00002060","0.0","30.0","NaN","1.0","NaN","0","1","0"
"1458","910.0","76.0","61.0","B00002061","Brake slow in release - BRAKE (BRAKE) B00002061","1.0","0.0","NaN","1.0","NaN","0","1","0"
"1459","910.0","76.0","62.0","B00002062","Vaccum booster N/W  - BRAKE (BRAKE) B00002062","1.0","30.0","NaN","1.0","NaN","1","1","0"
"1460","910.0","76.0","63.0","B00002063","Tandom master cyl N/W - BRAKE (BRAKE) B00002063","2.0","0.0","NaN","1.0","NaN","1","1","0"
"1461","910.0","76.0","64.0","B00002064","Uneven wear  of  disc - BRAKE (BRAKE) B00002064","1.0","0.0","NaN","1.0","NaN","0","1","0"
"1462","910.0","76.0","65.0","B00002065","Brake light not glowing - BRAKE (BRAKE) B00002065","0.0","30.0","NaN","1.0","NaN","0","1","0"
"1463","910.0","80.0","27.0","B00006027","Air filter dirty - ENG (ENG) B00006027","0.0","30.0","NaN","1.0","NaN","0","1","0"
"1464","910.0","80.0","28.0","B00006028","Eng reqd tuning up - ENG (ENG) B00006028","1.0","30.0","NaN","1.0","NaN","0","1","0"
"1465","910.0","80.0","29.0","B00006029","VIP checking - MISC (MISC) B00006029","1.0","0.0","VIP CHECKING CARRIED OUT VEH FIT FOR LONG DUTY","2.0","VIP CHECKING CARRIED OUT VEH FIT FOR LONG DUTY","0","2","0"
"1466","910.0","80.0","30.0","B00006030","Fuel pressure not build-up (ENG) B00006030","1.0","0.0","NaN","1.0","NaN","0","1","0"
"1467","910.0","80.0","31.0","B00006031","Fuel pressure regulator N/W - ENG (ENG) B00006031","1.0","30.0","NaN","1.0","NaN","0","1","0"
"1468","910.0","80.0","32.0","B00006032","Idle Air control system N/W  - ENG (ENG) B00006032","1.0","0.0","NaN","1.0","NaN","0","1","0"
"1469","910.0","80.0","33.0","B00006033","Ignitor N/W - ENG (ENG) B00006033","0.0","30.0","NaN","1.0","NaN","0","1","0"
"1470","910.0","80.0","34.0","B00006034","Evaporative emmission control sys N/W - ENG (ENG) B00006034","0.0","45.0","NaN","1.0","NaN","0","1","0"
"1471","910.0","80.0","35.0","B00006035","Choke cable bkn - ENG (ENG) B00006035","1.0","0.0","NaN","1.0","NaN","0","1","0"
"1472","910.0","80.0","36.0","B00006036","Ignition time setting  - ENG (ENG) B00006036","1.0","30.0","NaN","1.0","NaN","0","1","0"
"1473","910.0","80.0","37.0","B00006037","High tension coil faulty  - ENG (ENG) B00006037","1.0","0.0","NaN","1.0","NaN","0","1","0"
"1474","910.0","80.0","38.0","B00006038","Eng Pulling power weak - ENG (ENG) B00006038","1.0","30.0","NaN","1.0","NaN","0","1","0"
"1475","910.0","80.0","39.0","B00006039","Sparking plug N/W (ENG) B00006039","0.0","30.0","NaN","1.0","NaN","0","1","1"
"1476","910.0","80.0","40.0","B00006040","Engine idle setting/not proper  - ENG (ENG) B00006040","0.0","30.0","high or low, engine stalling","1.0","NaN","0","1","0"
"1477","910.0","80.0","41.0","B00006041","Faulty ignition coil - ENG (ENG) B00006041","1.0","30.0","NaN","1.0","NaN","1","1","0"
"1478","910.0","80.0","42.0","B00006042","Engine vibrates - ENG (ENG) B00006042","1.0","30.0","NaN","1.0","NaN","0","1","0"
"1479","910.0","80.0","43.0","B00006043","Excessive emission  - ENG (ENG) B00006043","1.0","30.0","NaN","1.0","NaN","0","1","0"
"1480","910.0","80.0","44.0","B00006044","Ignition sys N/W - ENG (ENG) B00006044","1.0","30.0","NaN","1.0","NaN","0","1","0"
"1481","910.0","80.0","45.0","B00006045","Starting Trouble - ENG (ENG) B00006045","1.0","30.0","NaN","1.0","NaN","0","1","0"
"1482","910.0","80.0","46.0","B00006046","Hard starting - ENG (ENG) B00006046","0.0","30.0","NaN","1.0","NaN","0","1","0"
"1483","910.0","80.0","47.0","B00006047","ECM N/W - ENG (ENG) B00006047","1.0","30.0","NaN","1.0","NaN","1","1","0"
"1484","910.0","80.0","48.0","B00006048","Sensor testing/checking - ENG (ENG) B00006048","1.0","30.0","NaN","1.0","NaN","0","1","0"
"1485","910.0","80.0","49.0","B00006049","CMP sensor N/W - ENG (ENG) B00006049","1.0","0.0","NaN","1.0","NaN","0","1","0"
"1486","910.0","80.0","50.0","B00006050","ECT sensor N/W - ENG (ENG) B00006050","1.0","0.0","NaN","1.0","NaN","0","1","0"
"1487","910.0","80.0","51.0","B00006051","MAP sensor N/W - ENG (ENG) B00006051","1.0","0.0","NaN","1.0","NaN","0","1","0"
"1488","910.0","80.0","52.0","B00006052","O2 sensor N/W - ENG (ENG) B00006052","1.0","0.0","NaN","1.0","NaN","0","1","0"
"1489","910.0","80.0","53.0","B00006053","TP sensor N/W - ENG (ENG) B00006053","1.0","0.0","NaN","1.0","NaN","0","1","0"
"1490","910.0","80.0","54.0","B00006054","VSS sensor N/W - ENG (ENG) B00006054","1.0","30.0","NaN","1.0","NaN","0","1","0"
"1491","910.0","80.0","55.0","B00006055","Fuel pump N/W - ENG (ENG) B00006055","2.0","0.0","injection problems and other reason for low performance","1.0","NaN","1","1","0"
"1492","910.0","80.0","56.0","B00006056","Fuel injector N/W  -  ENG (ENG) B00006056","0.0","30.0","NaN","1.0","NaN","0","1","1"
"1493","910.0","80.0","57.0","B00006057","Fuel injector no 2 N/W  - ENG (ENG) B00006057","0.0","30.0","NaN","1.0","NaN","0","1","1"
"1494","910.0","80.0","58.0","B00006058","Fuel injector no 3 N/W  - ENG (ENG) B00006058","0.0","30.0","NaN","1.0","NaN","0","1","1"
"1495","910.0","80.0","59.0","B00006059","Fuel injector no 4 N/W   - ENG (ENG) B00006059","0.0","30.0","NaN","1.0","NaN","0","1","1"
"1496","910.0","80.0","60.0","B00006060","Fuel injectors blocked or N/W  - ENG (ENG) B00006060","2.0","30.0","any problems r/o fuel injectors","1.0","NaN","1","1","0"
"1497","910.0","80.0","61.0","B00006061","Fuel filter dirty  - ENG (ENG) B00006061","1.0","0.0","NaN","1.0","NaN","0","1","0"
"1498","910.0","80.0","62.0","B00006062","Fuel pump relay N/W  - ENG (ENG) B00006062","2.0","0.0","NaN","1.0","NaN","0","1","0"
"1499","910.0","80.0","63.0","B00006063","Main relay N/W  - ENG (ENG) B00006063","2.0","0.0","NaN","1.0","NaN","1","1","0"
"1500","910.0","80.0","64.0","B00006064","lamp not glowing  - ENG (ENG) B00006064","1.0","30.0","NaN","1.0","NaN","0","1","0"
"1501","910.0","80.0","65.0","B00006065","IAT sensor  N/W - ENG (ENG) B00006065","0.0","30.0","change sensor if reqd","1.0","NaN","0","1","0"
"1502","910.0","80.0","66.0","B00006066","Eng cranking but not starting  - ENG (ENG) B00006066","1.0","30.0","NaN","1.0","NaN","0","1","0"
"1503","910.0","80.0","67.0","B00006067","Eng compressor output poor  - ENG (ENG) B00006067","1.0","30.0","NaN","1.0","NaN","0","1","0"
"1504","910.0","80.0","68.0","B00006068","Engine  oil pressure low  - ENG (ENG) B00006068","1.0","30.0","NaN","1.0","NaN","0","1","0"
"1505","910.0","80.0","69.0","B00006069","Eng oil pressure high  - ENG (ENG) B00006069","1.0","30.0","NaN","1.0","NaN","0","1","0"
"1506","910.0","80.0","70.0","B00006070","Eng performance poor  - ENG (ENG) B00006070","1.0","30.0","check for losses, if reqd overhauling to be done","1.0","NaN","0","1","0"
"1507","910.0","80.0","71.0","B00006071","Eng RPM High- ENG (ENG) B00006071","0.0","30.0","NaN","1.0","NaN","0","1","0"
"1508","910.0","80.0","72.0","B00006072","Malfuntioning of PCV valve  - ENG (ENG) B00006072","1.0","0.0","NaN","1.0","NaN","0","1","0"
"1509","910.0","80.0","73.0","B00006073","Cyl head gasket leaking  - ENG (ENG) B00006073","2.0","30.0","NaN","1.0","NaN","0","1","0"
"1510","910.0","80.0","74.0","B00006074","Inlet valve leaking  - ENG (ENG) B00006074","1.0","30.0","NaN","1.0","NaN","0","1","0"
"1511","910.0","80.0","75.0","B00006075","Exhaust valve leaking  - ENG (ENG) B00006075","1.0","30.0","NaN","1.0","NaN","0","1","0"
"1512","910.0","80.0","76.0","B00006076","Piston rings bkn  - ENG (ENG) B00006076","3.0","30.0","change piston rings","1.0","NaN","1","1","0"
"1513","910.0","80.0","77.0","B00006077","Connecting rod bent   - ENG (ENG) B00006077","4.0","30.0","Connecting Rod to be changed","1.0","NaN","1","1","0"
"1514","910.0","80.0","78.0","B00006078","Big end brg shells W/O  - ENG (ENG) B00006078","2.0","0.0","NaN","1.0","NaN","0","2","0"
"1515","910.0","80.0","79.0","B00006079","Vehicle pulling power weak  - ENG (ENG) B00006079","2.0","30.0","examine the various losses, if reqd ovehauling to be done","1.0","NaN","0","1","0"
"1516","910.0","80.0","80.0","B00006080","Tappet cover gasket leaking  - ENG (ENG) B00006080","1.0","30.0","apply anabond paste or remove the cover and change the gasket","1.0","NaN","0","1","0"
"1517","910.0","80.0","81.0","B00006081","Oil sump gasket leaking  - ENG (ENG) B00006081","2.0","30.0","apply anabond paste or drain the oil and, remove the sump and change the gasket","1.0","NaN","0","1","0"
"1518","910.0","80.0","82.0","B00006082","Timing belt bkn/loose/tensioner noisy/hard  - ENG (ENG) B00006082","2.0","0.0","replacement of timing belt, problems of belt tensioner","1.0","NaN","1","1","0"
"1519","919.0","127.0","19.0","L00001019","Focussing Out (INST) L00001019","4.0","0.0","NaN","1.0","NaN","0","1","0"
"1520","919.0","127.0","20.0","L00001020","Parallax (INST) L00001020","3.0","0.0","NaN","1.0","NaN","0","1","0"
"1521","919.0","127.0","21.0","L00001021","Optical Component Chipped (INST) L00001021","3.0","0.0","NaN","1.0","NaN","0","1","0"
"1522","919.0","127.0","22.0","L00001022","Blooming Peeled Off (INST) L00001022","3.0","0.0","NaN","1.0","NaN","0","1","0"
"1523","919.0","127.0","23.0","L00001023","Collimation in Azimuth (INST) L00001023","3.0","0.0","NaN","1.0","NaN","0","1","0"
"1524","919.0","127.0","24.0","L00001024","Collimation in Altitude/Elevation (INST) L00001024","3.0","0.0","NaN","1.0","NaN","0","1","0"
"1525","919.0","127.0","25.0","L00001025","Verticality of Image (INST) L00001025","3.0","0.0","NaN","1.0","NaN","0","1","0"
"1526","919.0","127.0","26.0","L00001026","Improper Optical Setting (INST) L00001026","3.0","0.0","NaN","1.0","NaN","0","1","0"
"1527","919.0","127.0","27.0","L00001027","Fungus and Filming on Optical Components (INST) L00001027","5.0","0.0","NaN","1.0","NaN","0","1","0"
"1528","919.0","127.0","28.0","L00001028","On/Off Switch N/W (INST) L00001028","2.0","0.0","NaN","1.0","NaN","0","1","0"
"1529","919.0","127.0","29.0","L00001029","Poor Visibility (INST) L00001029","5.0","0.0","NaN","1.0","NaN","0","1","0"
"1530","919.0","127.0","30.0","L00001030","Hinge Loose (INST) L00001030","2.0","0.0","NaN","1.0","NaN","0","1","0"
"1531","919.0","127.0","31.0","L00001031","Back Loss in H/V readings (INST) L00001031","4.0","0.0","NaN","1.0","NaN","0","1","0"
"1532","919.0","127.0","32.0","L00001032","Zeroing (INST) L00001032","2.0","0.0","NaN","1.0","NaN","0","1","0"
"1533","919.0","127.0","33.0","L00001033","Play in driven and driven mech (INST) L00001033","3.0","0.0","NaN","1.0","NaN","0","1","0"
"1534","919.0","127.0","34.0","L00001034","Spindle Jammed (INST) L00001034","4.0","0.0","NaN","1.0","NaN","0","1","0"
"1535","919.0","127.0","35.0","L00001035","Quick Releasing Mech N/W (INST) L00001035","3.0","0.0","NaN","1.0","NaN","0","1","0"
"1536","919.0","127.0","36.0","L00001036","Bubble Bkn/Expanded (INST) L00001036","3.0","0.0","NaN","1.0","NaN","0","1","0"
"1537","919.0","127.0","37.0","L00001037","EP diaptor Collar loose (INST) L00001037","3.0","0.0","NaN","1.0","NaN","0","1","0"
"1538","919.0","127.0","38.0","L00001038","FOV Cut Off (INST) L00001038","5.0","0.0","NaN","1.0","NaN","0","1","0"
"1539","919.0","127.0","39.0","L00001039","Poor Sensitivity of Magnetic Needle (INST) L00001039","3.0","0.0","NaN","1.0","NaN","0","1","0"
"1540","919.0","127.0","40.0","L00001040","Bty Compartment Defective (INST) L00001040","2.0","0.0","NaN","1.0","NaN","0","1","0"
"1541","919.0","127.0","41.0","L00001041","Alignment of Sight with gun/SL (INST) L00001041","3.0","0.0","NaN","1.0","NaN","0","1","0"
"1542","919.0","127.0","42.0","L00001042","Nitrogen purging (INST) L00001042","12.0","0.0","NaN","1.0","NaN","0","2","0"
"1543","919.0","127.0","43.0","L00001043","Power Supply N/W / Low O/P Voltage (INST) L00001043","4.0","0.0","NaN","1.0","NaN","0","1","0"
"1544","919.0","127.0","44.0","L00001044","Electrical fault (INST) L00001044","4.0","0.0","NaN","1.0","NaN","0","1","0"
"1545","919.0","127.0","45.0","L00001045","Illumination Device Faulty (INST) L00001045","3.0","0.0","NaN","1.0","NaN","0","1","0"
"1546","919.0","127.0","46.0","L00001046","Erratic Ranges Display in LRF (INST) L00001046","5.0","0.0","NaN","1.0","NaN","1","1","0"
"1547","919.0","127.0","47.0","L00001047","Error Range 8:8:8:8 (INST) L00001047","5.0","0.0","NaN","1.0","NaN","1","1","0"
"1548","919.0","127.0","48.0","L00001048","No Range Display (INST) L00001048","4.0","0.0","NaN","1.0","NaN","1","1","0"
"1549","919.0","127.0","49.0","L00001049","No Eye Piece Display (INST) L00001049","3.0","0.0","NaN","1.0","NaN","1","1","0"
"1550","919.0","127.0","50.0","L00001050","Detectors Faulty (INST) L00001050","3.0","0.0","NaN","1.0","NaN","1","1","0"
"1551","919.0","127.0","51.0","L00001051","LORROS Control Unit Application Software Corrupted (INST) L00001051","5.0","0.0","NaN","1.0","NaN","1","1","0"
"1552","919.0","127.0","52.0","L00001052","Erratic Movement of Joystick (LORROS) (INST) L00001052","5.0","0.0","NaN","1.0","NaN","1","1","0"
"1553","919.0","127.0","53.0","L00001053","Data Cable of LORROS Faulty (INST) L00001053","3.0","0.0","NaN","1.0","NaN","1","1","0"
"1554","919.0","127.0","54.0","L00001054","AC/DC Adaptor (HHTI) Faulty (INST) L00001054","3.0","0.0","NaN","1.0","NaN","1","1","0"
"1555","919.0","127.0","55.0","L00001055","IC/II Tubes  (NVDs) (INST) L00001055","5.0","0.0","NaN","1.0","NaN","1","1","0"
"1556","919.0","127.0","56.0","L00001056","No Input Voltage to ARTIM-LR from TI-10E Goniometer (INST) L00001056","3.0","0.0","NaN","1.0","NaN","1","1","0"
"1557","919.0","127.0","57.0","L00001057","Compass Calibration Out (TI-10E) (INST) L00001057","3.0","0.0","NaN","1.0","NaN","0","1","0"
"1558","919.0","127.0","58.0","L00001058","Focusing Knob Free (INST) L00001058","3.0","0.0","NaN","1.0","NaN","0","1","0"
"1559","919.0","127.0","59.0","L00001059","Goniometer Locking Mech Defective (INST) L00001059","3.0","0.0","NaN","1.0","NaN","1","1","0"
"1560","919.0","127.0","60.0","L00001060","Goniometer Backup Bty Defective (INST) L00001060","3.0","0.0","low voltage, dead","1.0","NaN","1","1","0"
"1561","919.0","127.0","61.0","L00001061","Goniometer Circular Bubble Expanded (INST) L00001061","3.0","0.0","NaN","1.0","NaN","0","1","0"
"1562","919.0","127.0","62.0","L00001062","ARTIM-LR Focussing Control N/W (INST) L00001062","4.0","0.0","NaN","1.0","NaN","0","1","0"
"1563","919.0","127.0","63.0","L00001063","Scanner Callibration Out (HHTI) (INST) L00001063","4.0","0.0","NaN","1.0","NaN","1","1","0"
"1564","919.0","127.0","64.0","L00001064","Scanner Faulty/Erractic (INST) L00001064","4.0","0.0","NaN","1.0","NaN","1","1","0"
"1565","919.0","127.0","65.0","L00001065","LORROS CU RAM Faulty (INST) L00001065","3.0","0.0","NaN","1.0","NaN","1","1","0"
"1566","919.0","127.0","66.0","L00001066","LORROS CU Keyboard N/W (INST) L00001066","3.0","0.0","NaN","1.0","NaN","1","1","0"
"1567","919.0","127.0","67.0","L00001067","Sun Assy N/W (INST) L00001067","3.0","0.0","NaN","1.0","NaN","1","1","0"
"1568","910.0","87.0","4.0","B00013004","Steering Gear Box Oil/fluid Leaking (STEERING) B00013004","4.0","0.0","mounting related, replacement of O rings, rubber parts, overhaul are all covered","1.0","NaN","0","1","0"
"1569","910.0","84.0","13.0","B00010013","Engine Oil Leak (LUB) B00010013","4.0","0.0","NaN","1.0","NaN","0","1","0"
"1570","910.0","90.0","47.0","B00016047","Main Gear Box Leaking (TXN) B00016047","4.0","0.0","NaN","1.0","NaN","0","1","0"
"1571","910.0","90.0","48.0","B00016048","Rear Sprocket Teeth W/O (TXN) B00016048","4.0","0.0","NaN","1.0","NaN","0","1","0"
"1572","910.0","80.0","83.0","B00006083","Timing Chain Bkn (ENG) B00006083","4.0","30.0","NaN","1.0","NaN","1","1","0"
"1573","910.0","77.0","14.0","B00003014","Secondary Chain Bkn (CHS & SUS) B00003014","2.0","0.0","NaN","1.0","NaN","1","1","0"
"1574","910.0","85.0","15.0","B00011015","Foot Rest Bkn (MISC) B00011015","1.0","30.0","NaN","1.0","NaN","0","1","0"
"1575","910.0","85.0","16.0","B00011016","Indicator N/W (MISC) B00011016","2.0","0.0","NaN","1.0","NaN","0","1","0"
"1576","910.0","85.0","17.0","B00011017","Rear Indicator N/W (MISC) B00011017","2.0","0.0","NaN","1.0","NaN","0","1","0"
"1577","910.0","85.0","18.0","B00011018","Excessive Play of Door (MISC) B00011018","2.0","30.0","NaN","1.0","NaN","0","1","0"
"1578","910.0","90.0","49.0","B00016049","Clutch Cyl Leaking (TXN) B00016049","1.0","0.0","NaN","1.0","NaN","0","1","0"
"1579","910.0","90.0","50.0","B00016050","Sleeve Cyl Leaking (TXN) B00016050","3.0","0.0","NaN","1.0","NaN","0","1","0"
"1580","910.0","85.0","19.0","B00011019","Seat (incl Carrier) Torn/bkn (MISC) B00011019","2.0","0.0","SEAT REPAIR CARRIED ","1.0","SEAT REPAIR CARRIED","0","1","0"
"1581","910.0","85.0","20.0","B00011020","Upholstery Work (MISC) B00011020","4.0","0.0","NaN","1.0","NaN","0","1","0"
"1582","910.0","85.0","21.0","B00011021","Denting and Painting Work (MISC) B00011021","4.0","0.0","NaN","1.0","NaN","0","1","0"
"1583","910.0","78.0","10.0","B00004010","Water mixed with Engine Oil (COOLING) B00004010","8.0","0.0","NaN","2.0","NaN","0","1","0"
"1584","913.0","110.0","7.0","E00003007","CMOS Bty Faulty (MISC) E00003007","2.0","0.0","NaN","1.0","NaN","0","1","0"
"1585","913.0","110.0","8.0","E00003008","OS Corrupted (MISC) E00003008","5.0","0.0","NaN","1.0","NaN","0","1","0"
"1586","913.0","110.0","9.0","E00003009","Pedestal Unit N/W (MISC) E00003009","4.0","0.0","NaN","1.0","NaN","0","1","0"
"1587","913.0","110.0","10.0","E00003010","ADSP Card Faulty (MISC) E00003010","4.0","0.0","NaN","1.0","NaN","0","1","0"
"1588","913.0","110.0","11.0","E00003011","Elevating Unit N/W (MISC) E00003011","4.0","0.0","NaN","1.0","NaN","0","1","0"
"1589","913.0","110.0","12.0","E00003012","Decoder Faulty (MISC) E00003012","5.0","0.0","NaN","1.0","NaN","0","1","0"
"1590","913.0","110.0","13.0","E00003013","Hard Disk Corrupted (MISC) E00003013","5.0","0.0","NaN","1.0","NaN","0","1","0"
"1591","913.0","110.0","14.0","E00003014","Rec-Exiter Module Faulty (MISC) E00003014","4.0","0.0","NaN","1.0","NaN","0","1","0"
"1592","913.0","110.0","15.0","E00003015","RF-Front End (FE) Module Faulty (MISC) E00003015","4.0","0.0","NaN","1.0","NaN","0","1","0"
"1593","913.0","110.0","16.0","E00003016","Trans-Receiver On/Off Switch N/W (MISC) E00003016","4.0","0.0","NaN","1.0","NaN","0","1","0"
"1594","913.0","110.0","17.0","E00003017","AC/DC Adaptor Faulty (MISC) E00003017","0.0","30.0","NaN","1.0","NaN","1","1","0"
"1595","910.0","91.0","5.0","B00017005","Wheel Balancing Reqd (WHEEL) B00017005","2.0","30.0","complete wheel balancing","1.0","NaN","0","1","0"
"1596","910.0","91.0","6.0","B00017006","Toe-in adjustment (WHEEL) B00017006","2.0","30.0","NaN","1.0","NaN","0","1","0"
"1597","910.0","85.0","22.0","B00011022","AC Defective/ gas Filling (MISC) B00011022","3.0","0.0","Air Conditioning system","1.0","NaN","0","1","0"
"1598","910.0","85.0","23.0","B00011023","Rear/Side Mirror bkn/Cracked (MISC) B00011023","1.0","5.0","any damage to rear/side mirrors, broken, loose, replacement","1.0","NaN","0","1","0"
"1599","21.0","123.0","1.0","J00101001","A2 module defective (GEN) J00101001","1.0","45.0","Any problem related to A2 module","1.0","NaN","0","1","0"
"1600","910.0","85.0","24.0","B00011024","Expansion tank leaking (MISC) B00011024","0.0","30.0","worn out due to corrosion","1.0","repaired","0","1","0"
"1601","910.0","78.0","11.0","B00004011","Deaeration/Expansion Tank Leaking / bkn (COOLING) B00004011","1.0","30.0","tank repair or replacement","1.0","NaN","0","1","0"
"1602","135.0","85.0","1.0","B02011001","Water pump UNSV","1.0","0.0","N/W, leaking","1.0","NaN","0","1","0"
"1603","136.0","85.0","1.0","B00811001","Water pump defective (MISC) B00811001","1.0","10.0","leaking, loose, N/W","1.0","NaN","0","1","0"
"1604","910.0","79.0","31.0","B00005031","Glow Plug N/W, burnt, timer N/W (ELECT) B00005031","1.0","45.0","all glow plug and timer related faults","1.0","NaN","0","1","0"
"1605","21.0","123.0","2.0","J00101002","A3 Module defective (GEN) J00101002","1.0","45.0","all problems in A3 module","1.0","NaN","0","1","0"
"1607","21.0","123.0","3.0","J00101003","A4 module defective (GEN) J00101003","1.0","45.0","all problems in A4 module","1.0","NaN","0","1","0"
"1608","21.0","123.0","4.0","J00101004","A5 module defective (GEN) J00101004","1.0","45.0","all problems in A5 module","1.0","NaN","0","1","0"
"1609","21.0","123.0","5.0","J00101005","A6 module defective (GEN) J00101005","1.0","45.0","all problems in A6 module","1.0","NaN","0","1","0"
"1610","21.0","123.0","6.0","J00101006","A7A module defective (GEN) J00101006","1.0","45.0","all problems in A7A module","1.0","NaN","0","1","0"
"1611","21.0","123.0","7.0","J00101007","A2B module fefective (GEN) J00101007","1.0","45.0","all problems in A2B module","1.0","NaN","0","1","0"
"1612","21.0","123.0","8.0","J00101008","A3B module fefective (GEN) J00101008","1.0","45.0","all problems in A3B module","1.0","NaN","0","1","0"
"1613","27.0","123.0","1.0","J00301001","A2FH(5W) Module defective (GEN) J00301001","1.0","45.0","all problems in A2FH(5W) module","1.0","NaN","1","1","0"
"1614","27.0","123.0","2.0","J00301002","A2FH(25W) Module defective (GEN) J00301002","1.0","45.0","all problems in A2FH(25W) module","1.0","NaN","1","1","0"
"1615","27.0","123.0","3.0","J00301003","A4FH Module defective (GEN) J00301003","1.0","45.0","all problems in A4FH module","1.0","NaN","0","1","0"
"1616","27.0","123.0","4.0","J00301004","A5FH Module defective (GEN) J00301004","1.0","45.0","all problems in A5FH module","1.0","NaN","0","1","0"
"1617","27.0","123.0","5.0","J00301005","A11FH Module defective (GEN) J00301005","1.0","45.0","all problems in A11FH module","1.0","NaN","0","1","0"
"1618","64.0","123.0","1.0","J01801001","AM module defective (GEN) J01801001","2.0","0.0","all faults in AM module","1.0","NaN","1","1","0"
"1619","369.0","123.0","1.0","J05401001","AM module defective (GEN) J05401001","2.0","0.0","all faults in AM Module","1.0","NaN","1","1","0"
"1620","64.0","123.0","2.0","J01801002","RF-Sync Module defective (GEN) J01801002","2.0","0.0","NaN","1.0","NaN","1","1","0"
"1621","64.0","123.0","3.0","J01801003","IF Radio Module (GEN) J01801003","2.0","0.0","NaN","1.0","NaN","1","1","0"
"1622","64.0","123.0","4.0","J01801004","MCU Module N/W (GEN) J01801004","2.0","0.0","NaN","1.0","NaN","1","1","0"
"1623","64.0","123.0","5.0","J01801005","MCU Module (with Modem) N/W (GEN) J01801005","2.0","0.0","NaN","1.0","NaN","1","1","0"
"1624","369.0","123.0","2.0","J05401002","RF-Sync Module defective (GEN) J05401002","2.0","0.0","NaN","1.0","NaN","1","1","0"
"1625","369.0","123.0","3.0","J05401003","IF Radio Module (GEN) J05401003","2.0","0.0","NaN","1.0","NaN","1","1","0"
"1626","369.0","123.0","4.0","J05401004","MCU Module N/W (GEN) J05401004","2.0","0.0","NaN","1.0","NaN","1","1","0"
"1627","369.0","123.0","5.0","J05401005","MCU Module (with Modem) N/W (GEN) J05401005","2.0","0.0","NaN","1.0","NaN","1","1","0"
"1628","368.0","123.0","1.0","J05301001","A1B Module N/W (GEN) J05301001","2.0","0.0","NaN","1.0","NaN","1","1","0"
"1629","368.0","123.0","2.0","J05301002","A2B Module N/W (GEN) J05301002","2.0","0.0","NaN","1.0","NaN","1","1","0"
"1630","368.0","123.0","3.0","J05301003","A3C Module N/W (GEN) J05301003","2.0","0.0","NaN","1.0","NaN","1","1","0"
"1631","363.0","123.0","1.0","J04801001","BC KIT (403-470 MHz) GP-338 Motorola (GEN) J04801001","3.0","0.0","NaN","1.0","NaN","1","1","0"
"1632","34.0","123.0","1.0","J00601001","Panel Electronic Circuit Control Card N/W (GEN) J00601001","3.0","0.0","NaN","1.0","NaN","1","1","0"
"1633","34.0","123.0","2.0","J00601002","Panel Electronic Circuit Line Card N/W (GEN) J00601002","3.0","0.0","NaN","1.0","NaN","1","1","0"
"1634","34.0","123.0","3.0","J00601003","Panel Electronic Circuit Ringer Card N/W (GEN) J00601003","3.0","0.0","NaN","1.0","NaN","0","1","0"
"1635","34.0","123.0","4.0","J00601004","Panel Electronic Circuit PCB DC 3314 (MAU) N/W (GEN) J00601004","3.0","0.0","NaN","1.0","NaN","1","1","0"
"1636","36.0","123.0","1.0","J00701001","Panel Electronic Circuit Control Card (GEN) J00701001","3.0","0.0","NaN","1.0","NaN","1","1","0"
"1637","36.0","123.0","2.0","J00701002","Panel Electronic Circuit DC to DC Convertor N/W (GEN) J00701002","3.0","0.0","NaN","1.0","NaN","1","1","0"
"1638","391.0","123.0","1.0","J07601001","Admin Control Card N/W (GEN) J07601001","4.0","0.0","NaN","1.0","NaN","1","1","0"
"1639","677.0","127.0","1.0","L07701001","Day Camera N/W (INST) L07701001","3.0","0.0","NaN","1.0","NaN","0","1","0"
"1640","677.0","127.0","2.0","L07701002","Night Camera N/W (INST) L07701002","4.0","0.0","NaN","1.0","NaN","1","1","0"
"1641","677.0","127.0","3.0","L07701003","THUMBRING SREW W/OL07701003","3.0","0.0","NaN","1.0","NaN","0","1","0"
"1642","677.0","127.0","4.0","L07701004","Control Unit N/W (INST) L07701004","4.0","0.0","NaN","1.0","NaN","1","1","0"
"1643","702.0","127.0","1.0","L09701001","Eqpt not switching ON (INST) L09701001","1.0","15.0","NaN","1.0","NaN","1","1","0"
"1644","702.0","127.0","2.0","L09701002","Display not working/Image not seen (INST) L09701002","1.0","15.0","NaN","1.0","NaN","1","1","0"
"1645","702.0","127.0","3.0","L09701003","Display/Image blinking (INST) L09701003","1.0","15.0","NaN","1.0","NaN","0","1","0"
"1646","702.0","127.0","4.0","L09701004"," Power supply N/W (INST) L09701004","1.0","15.0","NaN","1.0","NaN","1","1","0"
"1647","673.0","127.0","1.0","L07401001","Eqpt not switching ON (INST) L07401001","2.0","0.0","NaN","1.0","NaN","1","1","0"
"1648","673.0","127.0","2.0","L07401002","Display not working/Image not seen (INST) L07401002","1.0","15.0","NaN","1.0","NaN","1","1","0"
"1649","673.0","127.0","3.0","L07401003","Display/Image blinking (INST) L07401003","1.0","15.0","NaN","1.0","NaN","0","1","0"
"1650","673.0","127.0","4.0","L07401004"," Power supply N/W (INST) L07401004","1.0","15.0","NaN","1.0","NaN","1","1","0"
"1651","910.0","79.0","32.0","B00005032","ECU N/W  (ELECT) B00005032","4.0","0.0","all problems related to Electronic control unit, ","1.0","NaN","0","1","0"
"1652","13.0","76.0","1.0","B00102001","Gear change pedal bkn/W/O (BRAKE) B00102001","3.0","0.0","foot gear pedal related problems","1.0","NaN","0","1","0"
"1653","14.0","76.0","1.0","B00202001","Gear change pedal bkn/W/O (BRAKE) B00202001","2.0","30.0","foot gear pedal related problems","1.0","NaN","0","1","0"
"1654","13.0","90.0","1.0","B00116001","Chain bkn/loose (incl chain case) (TXN) B00116001","4.0","0.0","NaN","1.0","NaN","0","1","0"
"1655","14.0","90.0","1.0","B00216001","Chain bkn/loose (incl chain case) (TXN) B00216001","3.0","0.0","NaN","1.0","NaN","0","1","0"
"1656","910.0","79.0","33.0","B00005033","Wire Harness/loom short, burnt, loose  (ELECT) B00005033","5.0","0.0","any general cabling problem ","1.0","NaN","0","1","0"
"1657","910.0","79.0","34.0","B00005034","Combination Switch faulty. N/W, loose, bkn (ELECT) B00005034","3.0","0.0","problems related to combination switch for dipper, indicator, wiper etc","1.0","NaN","0","1","0"
"1658","910.0","79.0","35.0","B00005035","Change over switch N/W (ELECT) B00005035","2.0","30.0","changeover switch related issues, incl sparking, loose contact","1.0","NaN","0","1","0"
"1659","910.0","85.0","25.0","B00011025","Wheel carriage box (spare wheel) bkn, loose, N/W, W/O (MISC) B00011025","3.0","0.0","problems in spare wheel holder","1.0","NaN","0","1","0"
"1660","910.0","90.0","51.0","B00016051","Coupling Bkn/loose/requires change (TXN) B00016051","4.0","0.0","NaN","1.0","NaN","0","1","0"
"1661","912.0","105.0","11.0","D00003011","Coupling Bkn/loose/requires change (ENG) D00003011","5.0","0.0","coupling between genr and engine side","1.0","NaN","0","1","0"
"1662","911.0","97.0","5.0","C00005005","ENG OILING UP","4.0","0.0","NaN","3.0","NaN","1","1","0"
"1663","912.0","105.0","12.0","D00003012","Mounting pad bkn/loose/change (ENG) D00003012","4.0","0.0","NaN","3.0","NaN","0","1","0"
"1664","920.0","129.0","14.0","M00001014","Operating System (OS) corrupted, not running, data corruption (GEN) M00001014","4.0","0.0","NaN","1.0","NaN","1","1","0"
"1665","920.0","129.0","15.0","M00001015","Application Software corrupted, not running, Un-Installed (GEN) M00001015","4.0","0.0","NaN","1.0","NaN","0","1","0"
"1666","935.0","138.0","1.0","M01203001","ETC -Oracle NA & Drv Square Set Connector Failure (Shakti (ACCCS)) M01203001","4.0","0.0","NaN","1.0","NaN","1","1","0"
"1667","935.0","138.0","2.0","M01203002","ETC -Authentication Failure, Invalid File (Shakti (ACCCS)) M01203002","4.0","0.0","NaN","1.0","NaN","0","1","0"
"1668","935.0","138.0","3.0","M01203003","ETC -Hardware Failure, N/W (Shakti (ACCCS)) M01203003","4.0","0.0","NaN","1.0","NaN","1","1","0"
"1669","935.0","138.0","4.0","M01203004","ETC -System Error (Shakti (ACCCS)) M01203004","4.0","0.0","NaN","1.0","NaN","1","1","0"
"1670","935.0","138.0","5.0","M01203005","HHC -Bty Backup N/W, low, faulty (Shakti (ACCCS)) M01203005","2.0","0.0","NaN","1.0","NaN","0","1","0"
"1671","935.0","138.0","6.0","M01203006","GDU -Hardware Failure, N/W (Shakti (ACCCS)) M01203006","4.0","0.0","NaN","1.0","NaN","1","1","0"
"1672","935.0","138.0","7.0","M01203007","PSU -Fuse Burnt, repeated overload (Shakti (ACCCS)) M01203007","2.0","0.0","NaN","1.0","NaN","0","1","0"
"1673","935.0","138.0","8.0","M01203008","PSU -No O/P, supply Nil, Switching On but O/P NA  (Shakti (ACCCS)) M01203008","3.0","0.0","NaN","1.0","NaN","1","1","0"
"1674","935.0","138.0","9.0","M01203009","PSU -Supply Switching On (O/P present) but Buzzer ringing (Shakti (ACCCS)) M01203009","3.0","0.0","NaN","1.0","NaN","0","1","0"
"1675","935.0","138.0","10.0","M01203010","ETC -BSW Warning (Shakti (ACCCS)) M01203010","3.0","0.0","NaN","1.0","NaN","0","1","0"
"1676","935.0","138.0","11.0","M01203011","HHC -Stylus tip broken, N/W (Shakti (ACCCS)) M01203011","2.0","0.0","NaN","1.0","NaN","0","1","0"
"1677","935.0","138.0","12.0","M01203012","HHC -Map loading problem (Shakti (ACCCS)) M01203012","2.0","0.0","NaN","1.0","NaN","1","1","0"
"1678","935.0","138.0","13.0","M01203013","HHC -Encyption key failure/problem (Shakti (ACCCS)) M01203013","2.0","0.0","NaN","1.0","NaN","1","1","0"
"1679","935.0","138.0","14.0","M01203014","GDU -LED Display N/W, failure,problem (Shakti (ACCCS)) M01203014","2.0","0.0","NaN","1.0","NaN","0","1","0"
"1680","935.0","138.0","15.0","M01203015","GDU -ETC not connecting, network failure (Shakti (ACCCS)) M01203015","2.0","0.0","NaN","1.0","NaN","1","1","0"
"1681","935.0","138.0","16.0","M01203016","LIU -N/W, failure,problem (Shakti (ACCCS)) M01203016","2.0","0.0","NaN","1.0","NaN","0","1","0"
"1682","920.0","129.0","16.0","M00001016","Bty  Dead","4.0","0.0","NaN","1.0","NaN","0","1","0"
"1683","920.0","129.0","17.0","M00001017","SMPS  Faulty","4.0","0.0","NaN","1.0","NaN","0","1","0"
"1684","920.0","129.0","18.0","M00001018","Fuser Assembly","4.0","0.0","NaN","1.0","NaN","0","1","0"
"1685","920.0","129.0","19.0","M00001019","No Display due to RAM Faulty","4.0","0.0","NaN","1.0","NaN","0","0","0"
"1686","920.0","129.0","20.0","M00001020","MFD Not Working","4.0","0.0","NaN","1.0","NaN","0","0","0"
"1687","920.0","129.0","21.0","M00001021","Mother Board Faulty","4.0","0.0","NaN","1.0","NaN","0","0","0"
"1688","920.0","129.0","22.0","M00001022","DVD Writer Faulty","4.0","0.0","NaN","1.0","NaN","0","0","0"
"1689","920.0","129.0","23.0","M00001023","OPC Drum and Cleaning Blade Faulty","4.0","0.0","NaN","1.0","NaN","0","0","0"
"1690","920.0","129.0","24.0","M00001024","HDD Faulty","4.0","0.0","NaN","1.0","NaN","0","0","0"
"1691","920.0","129.0","25.0","M00001025","Toner Error","4.0","0.0","NaN","1.0","NaN","0","0","0"
"1692","920.0","129.0","26.0","M00001026","Paper Jam","4.0","0.0","NaN","1.0","NaN","0","0","0"
"1693","920.0","129.0","27.0","M00001027","HRMS Application Corrupted","4.0","0.0","NaN","1.0","NaN","0","0","0"
"1694","920.0","129.0","28.0","M00001028","IQMP Package Corrupted","4.0","0.0","NaN","1.0","NaN","0","0","0"
"1695","920.0","129.0","29.0","M00001029","BOSS OS Corrupted","4.0","0.0","NaN","1.0","NaN","0","0","0"
"1696","920.0","129.0","30.0","M00001030","OS Upgradation","4.0","0.0","NaN","1.0","NaN","0","0","0"
"1697","920.0","129.0","31.0","M00001031","BOSS upgradation","4.0","0.0","NaN","1.0","NaN","0","0","0"
"1698","920.0","129.0","32.0","M00001032","HRMS upgradation","4.0","0.0","NaN","1.0","NaN","0","0","0"
"1700","923.0","135.0","24.0","Y00001024","LAN Checking (MISC) Y00001024","1.0","30.0","NaN","1.0","NaN","0","1","0"
"1701","923.0","135.0","25.0","Y00001025","Cyber Audit (MISC) Y00001025","1.0","30.0","NaN","1.0","NaN","0","1","0"
"1702","923.0","135.0","26.0","Y00001026","Projector Setup (MISC) Y00001026","1.0","30.0","NaN","1.0","NaN","0","1","0"